Date,Price
04/15/2021,63.51
04/14/2021,63.22
04/13/2021,60.24
04/12/2021,59.75
04/09/2021,59.35
04/08/2021,59.63
04/07/2021,59.81
04/06/2021,59.37
04/05/2021,58.68
04/01/2021,61.48
03/31/2021,59.18
03/30/2021,60.56
03/29/2021,61.53
03/26/2021,60.96
03/25/2021,58.57
03/24/2021,61.16
03/23/2021,57.78
03/22/2021,61.56
03/19/2021,61.44
03/18/2021,60.06
03/17/2021,64.63
03/16/2021,64.86
03/15/2021,65.44
03/12/2021,65.64
03/11/2021,66
03/10/2021,64.42
03/09/2021,63.99
03/08/2021,64.93
03/05/2021,65.92
03/04/2021,63.62
03/03/2021,61.1
03/02/2021,59.57
03/01/2021,60.42
02/26/2021,61.23
02/25/2021,63.22
02/24/2021,63
02/23/2021,61.43
02/22/2021,61.7
02/19/2021,59.26
02/18/2021,60.53
02/17/2021,61.16
02/16/2021,60.08
02/15/2021,60.09
02/14/2021,60.37
02/12/2021,59.38
02/11/2021,58.14
02/10/2021,58.57
02/09/2021,58.25
02/08/2021,57.83
02/05/2021,56.7
02/04/2021,56.07
02/03/2021,55.54
02/02/2021,54.62
02/01/2021,53.42
01/29/2021,52.08
01/28/2021,52.24
01/27/2021,52.73
01/26/2021,52.52
01/25/2021,52.67
01/22/2021,52.19
01/21/2021,53.05
01/20/2021,53.31
01/19/2021,52.98
01/18/2021,52.36
01/17/2021,52.2
01/15/2021,52.42
01/14/2021,53.62
01/13/2021,52.96
01/12/2021,53.24
01/11/2021,52.27
01/08/2021,52.26
01/07/2021,50.87
01/06/2021,50.69
01/05/2021,50.01
01/04/2021,47.76
12/31/2020,48.63
12/30/2020,48.5
12/29/2020,48.14
12/28/2020,47.77
12/24/2020,48.35
12/23/2020,48.24
12/22/2020,47.16
12/21/2020,47.97
12/18/2020,49.24
12/17/2020,48.54
12/16/2020,48
12/15/2020,47.78
12/14/2020,47.15
12/11/2020,46.75
12/10/2020,46.96
12/09/2020,45.72
12/08/2020,45.8
12/07/2020,45.95
12/04/2020,46.42
12/03/2020,45.79
12/02/2020,45.44
12/01/2020,44.73
11/30/2020,45.51
11/27/2020,45.74
11/26/2020,44.98
11/25/2020,45.91
11/24/2020,45.11
11/23/2020,43.28
11/20/2020,42.42
11/19/2020,41.9
11/18/2020,42.01
11/17/2020,41.65
11/16/2020,41.57
11/13/2020,40.4
11/12/2020,41.41
11/11/2020,41.74
11/10/2020,41.67
11/09/2020,40.62
11/06/2020,37.49
11/05/2020,39.11
11/04/2020,39.47
11/03/2020,37.99
11/02/2020,37.18
10/30/2020,36.15
10/29/2020,36.51
10/28/2020,37.72
10/27/2020,39.87
10/26/2020,38.89
10/23/2020,40.15
10/22/2020,40.94
10/21/2020,40.31
10/20/2020,41.7
10/19/2020,41.06
10/16/2020,41.12
10/15/2020,41.24
10/14/2020,41.34
10/13/2020,40.49
10/12/2020,39.73
10/09/2020,40.91
10/08/2020,41.47
10/07/2020,40.23
10/06/2020,40.93
10/05/2020,39.5
10/02/2020,37.34
10/01/2020,39.01
09/30/2020,40.47
09/29/2020,39.56
09/28/2020,40.87
09/25/2020,40.51
09/24/2020,40.58
09/23/2020,40.22
09/22/2020,39.8
09/21/2020,39.54
09/18/2020,41.32
09/17/2020,41.22
09/16/2020,40.41
09/15/2020,38.55
09/14/2020,37.56
09/11/2020,37.65
09/10/2020,37.66
09/09/2020,38.41
09/08/2020,37.19
09/07/2020,39.2
09/06/2020,38.75
09/04/2020,40.15
09/03/2020,41.72
09/02/2020,41.85
09/01/2020,43.08
08/31/2020,42.9
08/28/2020,43.29
08/27/2020,43.31
08/26/2020,43.69
08/25/2020,43.65
08/24/2020,42.93
08/21/2020,42.62
08/20/2020,42.82
08/19/2020,43.11
08/18/2020,43.12
08/17/2020,43.17
08/14/2020,42.31
08/13/2020,42.52
08/12/2020,42.95
08/11/2020,41.87
08/10/2020,42.17
08/07/2020,41.49
08/06/2020,42.2
08/05/2020,42.43
08/04/2020,41.91
08/03/2020,41.31
07/31/2020,40.57
07/30/2020,40.24
07/29/2020,41.54
07/28/2020,41.28
07/27/2020,41.8
07/24/2020,41.45
07/23/2020,41.21
07/22/2020,42.04
07/21/2020,41.92
07/20/2020,40.92
07/17/2020,40.75
07/16/2020,40.93
07/15/2020,41.4
07/14/2020,40.55
07/13/2020,40.32
07/10/2020,40.76
07/09/2020,39.83
07/08/2020,41.04
07/07/2020,40.7
07/06/2020,40.73
07/03/2020,40.28
07/02/2020,40.76
07/01/2020,39.92
06/30/2020,39.34
06/29/2020,39.81
06/26/2020,38.65
06/25/2020,38.91
06/24/2020,38.21
06/23/2020,40.51
06/22/2020,40.73
06/19/2020,39.83
06/18/2020,39.05
06/17/2020,38.21
06/16/2020,38.65
06/15/2020,37.43
06/12/2020,36.51
06/11/2020,36.57
06/10/2020,39.78
06/09/2020,39.16
06/08/2020,38.43
06/05/2020,39.8
06/04/2020,37.72
06/03/2020,37.59
06/02/2020,37.06
06/01/2020,35.79
05/29/2020,35.84
05/28/2020,34.06
05/27/2020,33.23
05/26/2020,34.77
05/25/2020,33.92
05/24/2020,32.9
05/22/2020,33.65
05/21/2020,34.34
05/20/2020,33.94
05/19/2020,31.96
05/18/2020,31.65
05/15/2020,29.52
05/14/2020,27.88
05/13/2020,25.68
05/12/2020,26.33
05/11/2020,25.08
05/08/2020,26.17
05/07/2020,24.83
05/06/2020,25.62
05/05/2020,26.49
05/04/2020,22.78
05/01/2020,22.29
04/30/2020,21.85
04/29/2020,19.12
04/28/2020,17.6
04/27/2020,18.08
04/24/2020,21.22
04/23/2020,21.44
04/22/2020,20.69
04/21/2020,11.57
04/20/2020,20.43
04/17/2020,25.03
04/16/2020,25.53
04/15/2020,26.04
04/14/2020,27.4
04/13/2020,29.26
04/09/2020,28.82
04/08/2020,30.17
04/07/2020,28.69
04/06/2020,29.98
04/03/2020,30.9
04/02/2020,28.05
04/01/2020,23.74
03/31/2020,24.51
03/30/2020,24.09
03/27/2020,25.15
03/26/2020,25.71
03/25/2020,27.16
03/24/2020,26.2
03/23/2020,25.48
03/20/2020,22.63
03/19/2020,25.91
03/18/2020,20.83
03/17/2020,27.33
03/16/2020,29
03/13/2020,32.11
03/12/2020,31.98
03/11/2020,33.39
03/10/2020,34.73
03/09/2020,31.47
03/06/2020,41.51
03/05/2020,46.06
03/04/2020,46.95
03/03/2020,47.33
03/02/2020,46.92
02/28/2020,44.94
02/27/2020,47.29
02/26/2020,48.88
02/25/2020,50.06
02/24/2020,51.58
02/21/2020,53.5
02/20/2020,53.88
02/19/2020,53.49
02/18/2020,52.29
02/17/2020,52.2
02/16/2020,52.36
02/14/2020,52.32
02/13/2020,51.66
02/12/2020,51.41
02/11/2020,50.17
02/10/2020,49.78
02/07/2020,50.55
02/06/2020,51.14
02/05/2020,50.92
02/04/2020,49.8
02/03/2020,50.28
01/31/2020,51.68
01/30/2020,52.23
01/29/2020,53.41
01/28/2020,53.52
01/27/2020,53.18
01/24/2020,54.2
01/23/2020,55.61
01/22/2020,56.76
01/21/2020,58.38
01/20/2020,58.73
01/19/2020,59.27
01/17/2020,58.58
01/16/2020,58.53
01/15/2020,57.84
01/14/2020,58.26
01/13/2020,58.08
01/10/2020,58.99
01/09/2020,59.44
01/08/2020,59.46
01/07/2020,62.51
01/06/2020,63.04
01/03/2020,62.82
01/02/2020,60.95
01/01/2020,61.33
12/31/2019,60.77
12/30/2019,61.44
12/27/2019,61.53
12/26/2019,61.48
12/25/2019,61.19
12/24/2019,60.94
12/23/2019,60.35
12/20/2019,60.25
12/19/2019,61.18
12/18/2019,60.85
12/17/2019,60.87
12/16/2019,60.14
12/13/2019,59.98
12/12/2019,59.06
12/11/2019,58.65
12/10/2019,59.14
12/09/2019,58.92
12/06/2019,59.1
12/05/2019,58.34
12/04/2019,58.34
12/03/2019,56.03
12/02/2019,55.91
11/29/2019,55.14
11/28/2019,58.08
11/27/2019,58.05
11/26/2019,58.32
11/25/2019,57.91
11/22/2019,57.66
11/21/2019,58.41
11/20/2019,57.01
11/19/2019,55.35
11/18/2019,57.14
11/15/2019,57.83
11/14/2019,56.88
11/13/2019,57.2
11/12/2019,56.85
11/11/2019,56.9
11/08/2019,57.26
11/07/2019,57.15
11/06/2019,56.38
11/05/2019,57.29
11/04/2019,56.6
11/01/2019,56.27
10/31/2019,54.25
10/30/2019,55.1
10/29/2019,55.68
10/28/2019,55.9
10/25/2019,56.71
10/24/2019,56.27
10/23/2019,55.99
10/22/2019,54.48
10/21/2019,53.51
10/18/2019,53.87
10/17/2019,54.03
10/16/2019,53.45
10/15/2019,52.88
10/14/2019,53.65
10/11/2019,54.78
10/10/2019,53.56
10/09/2019,52.61
10/08/2019,52.62
10/07/2019,52.71
10/04/2019,52.74
10/03/2019,52.36
10/02/2019,52.51
10/01/2019,53.5
09/30/2019,53.98
09/27/2019,55.79
09/26/2019,56.28
09/25/2019,56.32
09/24/2019,57.08
09/23/2019,58.42
09/20/2019,58.09
09/19/2019,58.19
09/18/2019,58.04
09/17/2019,59.1
09/16/2019,62.67
09/13/2019,54.8
09/12/2019,55.05
09/11/2019,55.67
09/10/2019,57.29
09/09/2019,57.73
09/06/2019,56.43
09/05/2019,56.16
09/04/2019,56.1
09/03/2019,53.76
09/02/2019,54.66
09/01/2019,54.8
08/30/2019,54.89
08/29/2019,56.45
08/28/2019,55.6
08/27/2019,54.77
08/26/2019,53.5
08/23/2019,54.02
08/22/2019,55.16
08/21/2019,55.49
08/20/2019,56.13
08/19/2019,56.14
08/16/2019,54.81
08/15/2019,54.42
08/14/2019,55.25
08/13/2019,57.1
08/12/2019,54.85
08/09/2019,54.37
08/08/2019,52.46
08/07/2019,51.03
08/06/2019,53.59
08/05/2019,54.58
08/02/2019,55.67
08/01/2019,54.01
07/31/2019,58.63
07/30/2019,58.11
07/29/2019,56.96
07/26/2019,56.33
07/25/2019,56.16
07/24/2019,56
07/23/2019,56.85
07/22/2019,56.22
07/19/2019,55.76
07/18/2019,55.42
07/17/2019,56.92
07/16/2019,57.74
07/15/2019,59.68
07/12/2019,60.3
07/11/2019,60.28
07/10/2019,60.52
07/09/2019,57.94
07/08/2019,57.76
07/05/2019,57.59
07/04/2019,56.8
07/03/2019,57.44
07/02/2019,56.34
07/01/2019,59.14
06/28/2019,58.52
06/27/2019,59.49
06/26/2019,59.43
06/25/2019,57.89
06/24/2019,57.93
06/21/2019,57.5
06/20/2019,57.07
06/19/2019,53.97
06/18/2019,54.11
06/17/2019,52.17
06/14/2019,52.77
06/13/2019,52.54
06/12/2019,51.37
06/11/2019,53.52
06/10/2019,53.48
06/07/2019,54.16
06/06/2019,52.73
06/05/2019,51.83
06/04/2019,53.63
06/03/2019,53.38
05/31/2019,53.64
05/30/2019,56.74
05/29/2019,58.95
05/28/2019,59.35
05/27/2019,59.16
05/26/2019,58.77
05/24/2019,58.71
05/23/2019,57.99
05/22/2019,61.5
05/21/2019,63.13
05/20/2019,63.21
05/17/2019,62.92
05/16/2019,63.06
05/15/2019,62.24
05/14/2019,61.96
05/13/2019,61.21
05/10/2019,61.8
05/09/2019,61.81
05/08/2019,62.22
05/07/2019,61.51
05/06/2019,62.37
05/03/2019,62.04
05/02/2019,61.9
05/01/2019,63.69
04/30/2019,63.98
04/29/2019,63.57
04/26/2019,63.38
04/25/2019,65.28
04/24/2019,65.89
04/23/2019,66.24
04/22/2019,65.55
04/18/2019,64.07
04/17/2019,63.87
04/16/2019,64.19
04/15/2019,63.56
04/12/2019,64.02
04/11/2019,63.67
04/10/2019,64.65
04/09/2019,63.96
04/08/2019,64.33
04/05/2019,63.15
04/04/2019,62.19
04/03/2019,62.52
04/02/2019,62.61
04/01/2019,61.71
03/29/2019,60.28
03/28/2019,59.48
03/27/2019,59.61
03/26/2019,60.1
03/25/2019,59.08
03/22/2019,59.29
03/21/2019,60.2
03/20/2019,60.23
03/19/2019,59.29
03/18/2019,59.38
03/15/2019,58.82
03/14/2019,58.91
03/13/2019,58.59
03/12/2019,57.2
03/11/2019,57.12
03/08/2019,56.43
03/07/2019,57.03
03/06/2019,56.62
03/05/2019,56.94
03/04/2019,56.97
03/01/2019,56.19
02/28/2019,57.61
02/27/2019,57.37
02/26/2019,55.97
02/25/2019,55.92
02/22/2019,57.75
02/21/2019,57.46
02/20/2019,57.16
02/19/2019,56.45
02/18/2019,56.27
02/17/2019,56.33
02/15/2019,55.98
02/14/2019,54.79
02/13/2019,54.31
02/12/2019,53.47
02/11/2019,52.78
02/08/2019,53.09
02/07/2019,53
02/06/2019,54.34
02/05/2019,54
02/04/2019,54.89
02/01/2019,55.55
01/31/2019,54.04
01/30/2019,54.47
01/29/2019,53.6
01/28/2019,52.29
01/25/2019,53.98
01/24/2019,53.42
01/23/2019,52.92
01/22/2019,53.01
01/21/2019,54.24
01/20/2019,53.65
01/18/2019,54.04
01/17/2019,52.36
01/16/2019,52.61
01/15/2019,52.39
01/14/2019,50.8
01/11/2019,51.91
01/10/2019,52.91
01/09/2019,52.69
01/08/2019,50.11
01/07/2019,48.82
01/04/2019,48.28
01/03/2019,47.4
01/02/2019,46.86
01/01/2019,45.89
12/31/2018,45.72
12/28/2018,45.6
12/27/2018,44.9
12/26/2018,46.54
12/25/2018,43.16
12/24/2018,42.82
12/21/2018,45.89
12/20/2018,46.19
12/19/2018,48.17
12/18/2018,46.6
12/17/2018,50.2
12/14/2018,51.47
12/13/2018,52.83
12/12/2018,51.36
12/11/2018,51.84
12/10/2018,51.2
12/07/2018,52.81
12/06/2018,51.7
12/05/2018,53.12
12/04/2018,53.46
12/03/2018,53.14
11/30/2018,51.09
11/29/2018,51.62
11/28/2018,50.49
11/27/2018,51.73
11/26/2018,51.8
11/23/2018,50.59
11/22/2018,54.02
11/21/2018,54.8
11/20/2018,53.57
11/19/2018,57.2
11/16/2018,56.68
11/15/2018,56.68
11/14/2018,56.44
11/13/2018,55.84
11/12/2018,60.08
11/09/2018,60.36
11/08/2018,60.86
11/07/2018,61.82
11/06/2018,62.34
11/05/2018,63.21
11/02/2018,63.28
11/01/2018,63.81
10/31/2018,65.44
10/30/2018,66.31
10/29/2018,67.21
10/26/2018,67.75
10/25/2018,67.44
10/24/2018,66.96
10/23/2018,66.62
10/22/2018,69.36
10/19/2018,69.28
10/18/2018,68.71
10/17/2018,69.7
10/16/2018,71.76
10/15/2018,71.61
10/12/2018,71.18
10/11/2018,70.81
10/10/2018,73.03
10/09/2018,74.81
10/08/2018,74.17
10/05/2018,74.26
10/04/2018,74.25
10/03/2018,76.24
10/02/2018,75.04
10/01/2018,75.14
09/28/2018,73.06
09/27/2018,71.96
09/26/2018,71.41
09/25/2018,72.1
09/24/2018,71.76
09/21/2018,70.37
09/20/2018,70.32
09/19/2018,70.77
09/18/2018,69.59
09/17/2018,68.68
09/14/2018,68.77
09/13/2018,68.41
09/12/2018,70.16
09/11/2018,69.04
09/10/2018,67.41
09/07/2018,67.55
09/06/2018,67.52
09/05/2018,68.42
09/04/2018,69.56
09/03/2018,70.12
09/02/2018,69.92
08/31/2018,69.37
08/30/2018,69.81
08/29/2018,69.17
08/28/2018,68.22
08/27/2018,68.54
08/24/2018,68.36
08/23/2018,67.53
08/22/2018,67.51
08/21/2018,65.84
08/20/2018,65.42
08/17/2018,65.21
08/16/2018,64.88
08/15/2018,64.46
08/14/2018,66.33
08/13/2018,66.57
08/10/2018,66.94
08/09/2018,66.14
08/08/2018,66.25
08/07/2018,68.33
08/06/2018,67.94
08/03/2018,67.35
08/02/2018,67.66
08/01/2018,66.5
07/31/2018,67.63
07/30/2018,68.95
07/27/2018,67.73
07/26/2018,68.43
07/25/2018,68.01
07/24/2018,67.19
07/23/2018,66.75
07/20/2018,68.26
07/19/2018,68.24
07/18/2018,67.75
07/17/2018,67.16
07/16/2018,67.07
07/13/2018,69.95
07/12/2018,69.35
07/11/2018,68.86
07/10/2018,72.56
07/09/2018,71.98
07/06/2018,71.57
07/05/2018,70.63
07/04/2018,74.13
07/03/2018,71.59
07/02/2018,71.62
06/29/2018,72.46
06/28/2018,71.81
06/27/2018,71.26
06/26/2018,69.28
06/25/2018,67.04
06/22/2018,67.63
06/21/2018,64.86
06/20/2018,65.71
06/19/2018,64.9
06/18/2018,65.69
06/15/2018,64.85
06/14/2018,66.69
06/13/2018,66.52
06/12/2018,66.28
06/11/2018,66.03
06/08/2018,65.67
06/07/2018,65.89
06/06/2018,64.7
06/05/2018,65.46
06/04/2018,64.68
06/01/2018,65.77
05/31/2018,66.91
05/30/2018,68.08
05/29/2018,66.62
05/28/2018,67.05
05/27/2018,67.36
05/25/2018,67.78
05/24/2018,70.58
05/23/2018,71.71
05/22/2018,72.2
05/21/2018,72.35
05/18/2018,71.37
05/17/2018,71.57
05/16/2018,71.56
05/15/2018,71.37
05/14/2018,70.99
05/11/2018,70.68
05/10/2018,71.31
05/09/2018,71.05
05/08/2018,68.97
05/07/2018,70.62
05/04/2018,69.58
05/03/2018,68.26
05/02/2018,67.77
05/01/2018,67.13
04/30/2018,68.48
04/27/2018,67.98
04/26/2018,68.08
04/25/2018,67.92
04/24/2018,67.57
04/23/2018,68.47
04/20/2018,68.4
04/19/2018,68.33
04/18/2018,68.47
04/17/2018,66.51
04/16/2018,66.2
04/13/2018,67.33
04/12/2018,66.95
04/11/2018,66.74
04/10/2018,65.44
04/09/2018,63.43
04/06/2018,62.1
04/05/2018,63.54
04/04/2018,63.33
04/03/2018,63.46
04/02/2018,62.99
03/29/2018,64.87
03/28/2018,64.35
03/27/2018,65.18
03/26/2018,65.41
03/23/2018,65.71
03/22/2018,64.18
03/21/2018,64.95
03/20/2018,63.54
03/19/2018,62.13
03/16/2018,62.41
03/15/2018,61.25
03/14/2018,61.02
03/13/2018,60.75
03/12/2018,61.33
03/09/2018,61.92
03/08/2018,60.06
03/07/2018,61.02
03/06/2018,62.45
03/05/2018,62.39
03/02/2018,61.09
03/01/2018,60.8
02/28/2018,61.47
02/27/2018,62.9
02/26/2018,63.77
02/23/2018,63.41
02/22/2018,62.6
02/21/2018,61.52
02/20/2018,61.79
02/19/2018,62.38
02/18/2018,61.72
02/16/2018,61.55
02/15/2018,61.17
02/14/2018,60.51
02/13/2018,59.03
02/12/2018,59.08
02/09/2018,58.99
02/08/2018,60.94
02/07/2018,61.55
02/06/2018,63.11
02/05/2018,63.83
02/02/2018,65.07
02/01/2018,65.55
01/31/2018,64.56
01/30/2018,64.35
01/29/2018,65.39
01/26/2018,65.97
01/25/2018,65.37
01/24/2018,65.36
01/23/2018,64.31
01/22/2018,63.57
01/19/2018,63.31
01/18/2018,63.89
01/17/2018,63.92
01/16/2018,63.67
01/15/2018,64.73
01/14/2018,64.28
01/12/2018,64.23
01/11/2018,63.68
01/10/2018,63.42
01/09/2018,62.87
01/08/2018,61.72
01/05/2018,61.41
01/04/2018,61.9
01/03/2018,61.55
01/02/2018,60.38
01/01/2018,60.24
12/29/2017,60.44
12/28/2017,59.87
12/27/2017,59.69
12/26/2017,60
12/25/2017,58.59
12/22/2017,58.54
12/21/2017,58.4
12/20/2017,58.13
12/19/2017,57.56
12/18/2017,57.22
12/15/2017,57.33
12/14/2017,57.08
12/13/2017,56.59
12/12/2017,57.16
12/11/2017,58.05
12/08/2017,57.44
12/07/2017,56.75
12/06/2017,56.03
12/05/2017,57.67
12/04/2017,57.49
12/01/2017,58.38
11/30/2017,57.45
11/29/2017,57.36
11/28/2017,58.05
11/27/2017,58.16
11/24/2017,58.91
11/23/2017,58.38
11/22/2017,58.02
11/21/2017,56.92
11/20/2017,56.42
11/17/2017,56.71
11/16/2017,55.35
11/15/2017,55.52
11/14/2017,55.89
11/13/2017,56.97
11/10/2017,56.98
11/09/2017,57.39
11/08/2017,57.05
11/07/2017,57.43
11/06/2017,57.57
11/03/2017,55.86
11/02/2017,54.77
11/01/2017,54.51
10/31/2017,54.59
10/30/2017,54.37
10/27/2017,54.09
10/26/2017,52.86
10/25/2017,52.43
10/24/2017,52.67
10/23/2017,52.08
10/20/2017,51.84
10/19/2017,51.51
10/18/2017,52.26
10/17/2017,52.11
10/16/2017,52.14
10/13/2017,51.73
10/12/2017,50.93
10/11/2017,51.6
10/10/2017,51.23
10/09/2017,49.93
10/06/2017,49.65
10/05/2017,51.15
10/04/2017,50.32
10/03/2017,50.74
10/02/2017,50.9
09/29/2017,51.95
09/28/2017,51.87
09/27/2017,52.43
09/26/2017,51.88
09/25/2017,52.22
09/22/2017,50.66
09/21/2017,50.55
09/20/2017,50.41
09/19/2017,49.48
09/18/2017,49.91
09/15/2017,49.89
09/14/2017,49.89
09/13/2017,49.3
09/12/2017,48.23
09/11/2017,48.07
09/08/2017,47.48
09/07/2017,49.09
09/06/2017,49.16
09/05/2017,48.66
09/04/2017,47.41
09/03/2017,47.32
09/01/2017,47.29
08/31/2017,47.23
08/30/2017,45.96
08/29/2017,46.44
08/28/2017,46.57
08/25/2017,47.87
08/24/2017,47.43
08/23/2017,48.41
08/22/2017,47.64
08/21/2017,47.37
08/18/2017,48.51
08/17/2017,47.09
08/16/2017,46.78
08/15/2017,47.55
08/14/2017,47.59
08/11/2017,48.82
08/10/2017,48.59
08/09/2017,49.56
08/08/2017,49.17
08/07/2017,49.57
08/04/2017,49.73
08/03/2017,49.19
08/02/2017,49.73
08/01/2017,49.29
07/31/2017,50.26
07/28/2017,49.81
07/27/2017,49.17
07/26/2017,48.85
07/25/2017,48.02
07/24/2017,46.51
07/21/2017,45.95
07/20/2017,46.92
07/19/2017,47.32
07/18/2017,46.59
07/17/2017,46.23
07/14/2017,46.75
07/13/2017,46.25
07/12/2017,45.66
07/11/2017,45.23
07/10/2017,44.6
07/07/2017,44.39
07/06/2017,45.7
07/05/2017,45.34
07/04/2017,47.13
07/03/2017,47.29
06/30/2017,46.29
06/29/2017,45.2
06/28/2017,44.99
06/27/2017,44.49
06/26/2017,43.61
06/23/2017,43.27
06/22/2017,42.97
06/21/2017,42.75
06/20/2017,43.51
06/19/2017,44.43
06/16/2017,44.97
06/15/2017,44.68
06/14/2017,44.93
06/13/2017,46.67
06/12/2017,46.08
06/09/2017,45.83
06/08/2017,45.64
06/07/2017,45.72
06/06/2017,48.19
06/05/2017,47.4
06/02/2017,47.87
06/01/2017,48.6
05/31/2017,48.56
05/30/2017,49.91
05/29/2017,49.97
05/28/2017,49.94
05/26/2017,50.05
05/25/2017,49.14
05/24/2017,51.59
05/23/2017,51.72
05/22/2017,51.13
05/19/2017,50.67
05/18/2017,49.66
05/17/2017,49.41
05/16/2017,49
05/15/2017,49.16
05/12/2017,48.17
05/11/2017,48.2
05/10/2017,47.7
05/09/2017,46.27
05/08/2017,46.84
05/05/2017,46.6
05/04/2017,45.9
05/03/2017,48.18
05/02/2017,47.99
05/01/2017,49.16
04/28/2017,49.62
04/27/2017,49.31
04/26/2017,49.96
04/25/2017,49.56
04/24/2017,49.23
04/21/2017,49.62
04/20/2017,50.27
04/19/2017,50.44
04/18/2017,52.41
04/17/2017,52.65
04/13/2017,53.18
04/12/2017,53.11
04/11/2017,53.4
04/10/2017,53.08
04/07/2017,52.24
04/06/2017,51.7
04/05/2017,51.15
04/04/2017,51.03
04/03/2017,50.24
03/31/2017,50.6
03/30/2017,50.35
03/29/2017,49.51
03/28/2017,48.37
03/27/2017,47.73
03/24/2017,47.97
03/23/2017,47.7
03/22/2017,48.04
03/21/2017,47.34
03/20/2017,48.22
03/17/2017,48.78
03/16/2017,48.75
03/15/2017,48.86
03/14/2017,47.72
03/13/2017,48.4
03/10/2017,48.49
03/09/2017,49.28
03/08/2017,50.28
03/07/2017,53.14
03/06/2017,53.2
03/03/2017,53.33
03/02/2017,52.61
03/01/2017,53.83
02/28/2017,54.01
02/27/2017,54.05
02/24/2017,53.99
02/23/2017,54.45
02/22/2017,53.59
02/21/2017,54.06
02/20/2017,53.97
02/19/2017,53.79
02/17/2017,53.4
02/16/2017,53.36
02/15/2017,53.11
02/14/2017,53.2
02/13/2017,52.93
02/10/2017,53.86
02/09/2017,53
02/08/2017,52.34
02/07/2017,52.17
02/06/2017,53.01
02/03/2017,53.83
02/02/2017,53.54
02/01/2017,53.88
01/31/2017,52.81
01/30/2017,52.63
01/27/2017,53.17
01/26/2017,53.78
01/25/2017,52.75
01/24/2017,53.18
01/23/2017,52.75
01/20/2017,52.42
01/19/2017,51.37
01/18/2017,51.08
01/17/2017,52.48
01/16/2017,52.52
01/15/2017,52.45
01/13/2017,52.37
01/12/2017,53.01
01/11/2017,52.25
01/10/2017,50.82
01/09/2017,51.96
01/06/2017,53.99
01/05/2017,53.76
01/04/2017,53.26
01/03/2017,52.33
01/02/2017,54.03
12/30/2016,53.72
12/29/2016,53.77
12/28/2016,54.06
12/27/2016,53.9
12/26/2016,53.19
12/23/2016,53.02
12/22/2016,52.95
12/21/2016,52.49
12/20/2016,52.23
12/19/2016,52.12
12/16/2016,51.9
12/15/2016,50.9
12/14/2016,51.04
12/13/2016,52.98
12/12/2016,52.83
12/09/2016,51.5
12/08/2016,50.84
12/07/2016,49.77
12/06/2016,50.93
12/05/2016,51.79
12/02/2016,51.68
12/01/2016,51.06
11/30/2016,49.44
11/29/2016,45.23
11/28/2016,47.08
11/25/2016,46.06
11/24/2016,47.98
11/23/2016,47.96
11/22/2016,48.03
11/21/2016,47.49
11/18/2016,45.69
11/17/2016,45.42
11/16/2016,45.57
11/15/2016,45.81
11/14/2016,43.32
11/11/2016,43.41
11/10/2016,44.66
11/09/2016,45.27
11/08/2016,44.98
11/07/2016,44.89
11/04/2016,44.07
11/03/2016,44.66
11/02/2016,45.34
11/01/2016,46.67
10/31/2016,46.86
10/28/2016,48.7
10/27/2016,49.72
10/26/2016,49.18
10/25/2016,49.96
10/24/2016,50.52
10/21/2016,50.85
10/20/2016,50.43
10/19/2016,51.6
10/18/2016,50.29
10/17/2016,49.94
10/14/2016,50.35
10/13/2016,50.44
10/12/2016,50.18
10/11/2016,50.79
10/10/2016,51.35
10/07/2016,49.81
10/06/2016,50.44
10/05/2016,49.83
10/04/2016,48.69
10/03/2016,48.81
09/30/2016,48.24
09/29/2016,47.83
09/28/2016,47.05
09/27/2016,44.67
09/26/2016,45.93
09/23/2016,44.48
09/22/2016,46.32
09/21/2016,45.34
09/20/2016,43.44
09/19/2016,43.3
09/16/2016,43.03
09/15/2016,43.91
09/14/2016,43.58
09/13/2016,44.9
09/12/2016,46.29
09/09/2016,45.88
09/08/2016,47.62
09/07/2016,45.5
09/06/2016,44.83
09/05/2016,45.07
09/04/2016,44.11
09/02/2016,44.44
09/01/2016,43.16
08/31/2016,44.7
08/30/2016,46.35
08/29/2016,46.98
08/26/2016,47.64
08/25/2016,47.33
08/24/2016,46.77
08/23/2016,48.1
08/22/2016,47.05
08/19/2016,48.52
08/18/2016,48.22
08/17/2016,46.79
08/16/2016,46.58
08/15/2016,45.74
08/12/2016,44.49
08/11/2016,43.49
08/10/2016,41.71
08/09/2016,42.77
08/08/2016,43.02
08/05/2016,41.8
08/04/2016,41.93
08/03/2016,40.83
08/02/2016,39.51
08/01/2016,40.06
07/29/2016,41.6
07/28/2016,41.14
07/27/2016,41.92
07/26/2016,42.92
07/25/2016,43.13
07/22/2016,44.19
07/21/2016,44.75
07/20/2016,44.94
07/19/2016,44.65
07/18/2016,45.24
07/15/2016,45.95
07/14/2016,45.68
07/13/2016,44.75
07/12/2016,46.8
07/11/2016,44.76
07/08/2016,45.41
07/07/2016,45.14
07/06/2016,47.43
07/05/2016,46.6
07/04/2016,48.65
07/03/2016,49.01
07/01/2016,48.99
06/30/2016,48.33
06/29/2016,49.88
06/28/2016,47.85
06/27/2016,46.33
06/24/2016,47.64
06/23/2016,50.11
06/22/2016,49.13
06/21/2016,48.85
06/20/2016,49.37
06/17/2016,47.98
06/16/2016,46.21
06/15/2016,48.01
06/14/2016,48.49
06/13/2016,48.88
06/10/2016,49.07
06/09/2016,50.56
06/08/2016,51.23
06/07/2016,50.36
06/06/2016,49.69
06/03/2016,48.62
06/02/2016,49.17
06/01/2016,49.01
05/31/2016,49.1
05/30/2016,49.51
05/29/2016,49.58
05/27/2016,49.33
05/26/2016,49.48
05/25/2016,49.56
05/24/2016,48.62
05/23/2016,48.08
05/20/2016,47.75
05/19/2016,48.16
05/18/2016,48.19
05/17/2016,48.31
05/16/2016,47.72
05/13/2016,46.21
05/12/2016,46.7
05/11/2016,46.23
05/10/2016,44.66
05/09/2016,43.44
05/06/2016,44.66
05/05/2016,44.32
05/04/2016,43.78
05/03/2016,43.65
05/02/2016,44.78
04/29/2016,45.92
04/28/2016,46.03
04/27/2016,45.33
04/26/2016,44.04
04/25/2016,42.64
04/22/2016,43.73
04/21/2016,43.18
04/20/2016,42.63
04/19/2016,41.08
04/18/2016,39.78
04/15/2016,40.36
04/14/2016,41.5
04/13/2016,41.76
04/12/2016,42.17
04/11/2016,40.36
04/08/2016,39.72
04/07/2016,37.26
04/06/2016,37.75
04/05/2016,35.89
04/04/2016,35.7
04/01/2016,36.79
03/31/2016,38.34
03/30/2016,38.32
03/29/2016,38.28
03/28/2016,39.39
03/24/2016,39.46
03/23/2016,39.79
03/22/2016,41.45
03/21/2016,39.91
03/18/2016,39.44
03/17/2016,40.2
03/16/2016,38.46
03/15/2016,36.34
03/14/2016,37.18
03/11/2016,38.5
03/10/2016,37.84
03/09/2016,38.29
03/08/2016,36.5
03/07/2016,37.9
03/04/2016,35.92
03/03/2016,34.57
03/02/2016,34.66
03/01/2016,34.4
02/29/2016,33.75
02/26/2016,32.78
02/25/2016,33.07
02/24/2016,32.15
02/23/2016,31.87
02/22/2016,31.48
02/19/2016,29.64
02/18/2016,30.77
02/17/2016,30.66
02/16/2016,29.04
02/15/2016,30.6
02/14/2016,29.08
02/12/2016,29.44
02/11/2016,26.21
02/10/2016,27.45
02/09/2016,27.94
02/08/2016,29.69
02/05/2016,30.89
02/04/2016,31.72
02/03/2016,32.28
02/02/2016,29.88
02/01/2016,31.62
01/29/2016,33.62
01/28/2016,33.22
01/27/2016,32.3
01/26/2016,31.45
01/25/2016,30.34
01/22/2016,32.19
01/21/2016,29.53
01/20/2016,26.55
01/19/2016,28.46
01/18/2016,30.02
01/17/2016,29.75
01/15/2016,29.42
01/14/2016,31.2
01/13/2016,30.48
01/12/2016,30.44
01/11/2016,31.41
01/08/2016,33.16
01/07/2016,33.27
01/06/2016,33.97
01/05/2016,35.97
01/04/2016,36.76
12/31/2015,37.04
12/30/2015,36.6
12/29/2015,37.87
12/28/2015,36.81
12/24/2015,38.1
12/23/2015,37.5
12/22/2015,36.14
12/21/2015,34.74
12/18/2015,34.73
12/17/2015,34.95
12/16/2015,35.52
12/15/2015,37.35
12/14/2015,36.31
12/11/2015,35.62
12/10/2015,36.76
12/09/2015,37.16
12/08/2015,37.51
12/07/2015,37.65
12/04/2015,39.97
12/03/2015,41.08
12/02/2015,39.94
12/01/2015,41.85
11/30/2015,41.65
11/27/2015,41.71
11/26/2015,42.59
11/25/2015,43.04
11/24/2015,42.87
11/23/2015,41.75
11/20/2015,40.39
11/19/2015,40.54
11/18/2015,40.75
11/17/2015,40.67
11/16/2015,41.74
11/13/2015,40.74
11/12/2015,41.75
11/11/2015,42.93
11/10/2015,44.21
11/09/2015,43.87
11/06/2015,44.29
11/05/2015,45.2
11/04/2015,46.32
11/03/2015,47.9
11/02/2015,46.14
10/30/2015,46.59
10/29/2015,46.06
10/28/2015,45.94
10/27/2015,43.2
10/26/2015,43.98
10/23/2015,44.6
10/22/2015,45.38
10/21/2015,45.2
10/20/2015,45.55
10/19/2015,45.89
10/16/2015,47.26
10/15/2015,46.38
10/14/2015,46.64
10/13/2015,46.66
10/12/2015,47.1
10/09/2015,49.63
10/08/2015,49.43
10/07/2015,47.81
10/06/2015,48.53
10/05/2015,46.26
10/02/2015,45.54
10/01/2015,44.74
09/30/2015,45.09
09/29/2015,45.23
09/28/2015,44.43
09/25/2015,45.7
09/24/2015,44.91
09/23/2015,44.48
09/22/2015,45.83
09/21/2015,46.68
09/18/2015,44.68
09/17/2015,46.9
09/16/2015,47.15
09/15/2015,44.59
09/14/2015,44
09/11/2015,44.63
09/10/2015,45.92
09/09/2015,44.15
09/08/2015,45.94
09/07/2015,44.7
09/06/2015,45.72
09/04/2015,46.05
09/03/2015,46.75
09/02/2015,46.25
09/01/2015,45.41
08/31/2015,49.2
08/28/2015,45.22
08/27/2015,42.56
08/26/2015,38.6
08/25/2015,39.31
08/24/2015,38.24
08/21/2015,40.45
08/20/2015,41.14
08/19/2015,40.8
08/18/2015,42.62
08/17/2015,41.87
08/14/2015,42.5
08/13/2015,42.23
08/12/2015,43.3
08/11/2015,43.08
08/10/2015,44.96
08/07/2015,43.87
08/06/2015,44.66
08/05/2015,45.15
08/04/2015,45.74
08/03/2015,45.17
07/31/2015,47.12
07/30/2015,48.52
07/29/2015,48.79
07/28/2015,47.98
07/27/2015,47.39
07/24/2015,48.14
07/23/2015,48.45
07/22/2015,49.19
07/21/2015,50.36
07/20/2015,50.15
07/17/2015,50.89
07/16/2015,50.91
07/15/2015,51.41
07/14/2015,53.04
07/13/2015,52.2
07/10/2015,52.74
07/09/2015,52.78
07/08/2015,51.65
07/07/2015,52.33
07/06/2015,52.53
07/03/2015,55.52
07/02/2015,56.93
07/01/2015,56.96
06/30/2015,59.47
06/29/2015,58.33
06/26/2015,59.63
06/25/2015,59.7
06/24/2015,60.27
06/23/2015,61.01
06/22/2015,59.68
06/19/2015,59.61
06/18/2015,60.45
06/17/2015,59.92
06/16/2015,59.97
06/15/2015,59.52
06/12/2015,59.96
06/11/2015,60.77
06/10/2015,61.43
06/09/2015,60.14
06/08/2015,58.14
06/05/2015,59.13
06/04/2015,58
06/03/2015,59.64
06/02/2015,61.26
06/01/2015,60.2
05/29/2015,60.3
05/28/2015,57.68
05/27/2015,57.51
05/26/2015,58.03
05/25/2015,59.85
05/24/2015,59.92
05/22/2015,59.72
05/21/2015,60.72
05/20/2015,58.98
05/19/2015,57.26
05/18/2015,59.43
05/15/2015,59.69
05/14/2015,59.88
05/13/2015,60.5
05/12/2015,60.75
05/11/2015,59.25
05/08/2015,59.39
05/07/2015,58.94
05/06/2015,60.93
05/05/2015,60.4
05/04/2015,58.93
05/01/2015,59.15
04/30/2015,59.63
04/29/2015,58.58
04/28/2015,57.06
04/27/2015,56.99
04/24/2015,57.15
04/23/2015,57.74
04/22/2015,56.16
04/21/2015,55.26
04/20/2015,56.38
04/17/2015,55.74
04/16/2015,56.71
04/15/2015,56.39
04/14/2015,53.29
04/13/2015,51.91
04/10/2015,51.64
04/09/2015,50.79
04/08/2015,50.42
04/07/2015,53.98
04/06/2015,52.14
04/03/2015,49.14
04/02/2015,49.14
04/01/2015,50.09
03/31/2015,47.6
03/30/2015,48.68
03/27/2015,48.87
03/26/2015,51.43
03/25/2015,49.21
03/24/2015,47.51
03/23/2015,47.45
03/20/2015,45.72
03/19/2015,43.96
03/18/2015,44.66
03/17/2015,43.46
03/16/2015,43.88
03/13/2015,44.84
03/12/2015,47.05
03/11/2015,48.17
03/10/2015,48.29
03/09/2015,50
03/06/2015,49.61
03/05/2015,50.76
03/04/2015,51.53
03/03/2015,50.52
03/02/2015,49.59
02/27/2015,49.76
02/26/2015,48.17
02/25/2015,50.99
02/24/2015,49.28
02/23/2015,49.45
02/20/2015,50.34
02/19/2015,51.16
02/18/2015,52.14
02/17/2015,53.53
02/16/2015,53.61
02/15/2015,54.06
02/13/2015,52.78
02/12/2015,51.21
02/11/2015,48.84
02/10/2015,50.02
02/09/2015,52.86
02/06/2015,51.69
02/05/2015,50.48
02/04/2015,48.45
02/03/2015,53.05
02/02/2015,49.57
01/30/2015,48.24
01/29/2015,44.53
01/28/2015,44.45
01/27/2015,46.23
01/26/2015,45.15
01/23/2015,45.59
01/22/2015,46.31
01/21/2015,47.78
01/20/2015,46.39
01/19/2015,47.78
01/18/2015,48.85
01/16/2015,48.69
01/15/2015,46.25
01/14/2015,48.48
01/13/2015,45.89
01/12/2015,46.07
01/09/2015,48.36
01/08/2015,48.79
01/07/2015,48.65
01/06/2015,47.93
01/05/2015,50.04
01/02/2015,52.69
01/01/2015,54.56
12/31/2014,53.27
12/30/2014,54.12
12/29/2014,53.61
12/26/2014,54.73
12/25/2014,55.92
12/24/2014,55.84
12/23/2014,57.12
12/22/2014,55.26
12/19/2014,56.52
12/18/2014,54.11
12/17/2014,56.47
12/16/2014,55.93
12/15/2014,55.91
12/12/2014,57.81
12/11/2014,59.95
12/10/2014,60.94
12/09/2014,63.82
12/08/2014,63.05
12/05/2014,65.84
12/04/2014,66.81
12/03/2014,67.38
12/02/2014,66.88
12/01/2014,69
11/28/2014,66.15
11/27/2014,68.55
11/26/2014,73.69
11/25/2014,74.09
11/24/2014,75.78
11/21/2014,76.51
11/20/2014,75.58
11/19/2014,74.58
11/18/2014,74.61
11/17/2014,75.64
11/14/2014,75.82
11/13/2014,74.21
11/12/2014,77.18
11/11/2014,77.94
11/10/2014,77.4
11/07/2014,78.65
11/06/2014,77.91
11/05/2014,78.68
11/04/2014,77.19
11/03/2014,78.78
10/31/2014,80.54
10/30/2014,81.12
10/29/2014,82.2
10/28/2014,81.42
10/27/2014,81
10/24/2014,81.01
10/23/2014,82.09
10/22/2014,80.52
10/21/2014,82.81
10/20/2014,82.71
10/17/2014,82.75
10/16/2014,82.7
10/15/2014,81.78
10/14/2014,81.84
10/13/2014,85.74
10/10/2014,85.82
10/09/2014,85.77
10/08/2014,87.31
10/07/2014,88.85
10/06/2014,90.34
10/03/2014,89.74
10/02/2014,91.01
10/01/2014,90.73
09/30/2014,91.16
09/29/2014,94.57
09/26/2014,93.54
09/25/2014,92.53
09/24/2014,92.8
09/23/2014,91.56
09/22/2014,91.52
09/19/2014,92.41
09/18/2014,93.07
09/17/2014,94.42
09/16/2014,94.88
09/15/2014,92.92
09/12/2014,92.27
09/11/2014,92.83
09/10/2014,91.67
09/09/2014,92.75
09/08/2014,92.66
09/05/2014,93.29
09/04/2014,94.45
09/03/2014,95.54
09/02/2014,92.88
09/01/2014,95.83
08/29/2014,95.96
08/28/2014,94.55
08/27/2014,93.88
08/26/2014,93.86
08/25/2014,93.35
08/22/2014,93.65
08/21/2014,93.96
08/20/2014,96.07
08/19/2014,94.48
08/18/2014,96.41
08/15/2014,97.35
08/14/2014,95.58
08/13/2014,97.59
08/12/2014,97.37
08/11/2014,98.08
08/08/2014,97.65
08/07/2014,97.34
08/06/2014,96.92
08/05/2014,97.38
08/04/2014,98.29
08/01/2014,97.88
07/31/2014,98.17
07/30/2014,100.27
07/29/2014,100.97
07/28/2014,101.67
07/25/2014,102.09
07/24/2014,102.07
07/23/2014,103.12
07/22/2014,104.42
07/21/2014,104.59
07/18/2014,103.13
07/17/2014,103.19
07/16/2014,101.2
07/15/2014,99.96
07/14/2014,100.91
07/11/2014,100.83
07/10/2014,102.93
07/09/2014,102.29
07/08/2014,103.4
07/07/2014,103.53
07/04/2014,103.76
07/03/2014,104.06
07/02/2014,104.48
07/01/2014,105.34
06/30/2014,105.37
06/27/2014,105.74
06/26/2014,105.84
06/25/2014,106.5
06/24/2014,106.03
06/23/2014,106.17
06/20/2014,107.26
06/19/2014,106.43
06/18/2014,105.97
06/17/2014,106.36
06/16/2014,106.9
06/13/2014,106.91
06/12/2014,106.53
06/11/2014,104.4
06/10/2014,104.35
06/09/2014,104.41
06/06/2014,102.66
06/05/2014,102.48
06/04/2014,102.64
06/03/2014,102.66
06/02/2014,102.47
05/30/2014,102.71
05/29/2014,103.58
05/28/2014,102.72
05/27/2014,104.11
05/26/2014,104.28
05/23/2014,104.35
05/22/2014,103.74
05/21/2014,104.07
05/20/2014,102.44
05/19/2014,102.61
05/16/2014,102.02
05/15/2014,101.5
05/14/2014,102.37
05/13/2014,101.7
05/12/2014,100.59
05/09/2014,99.99
05/08/2014,100.26
05/07/2014,100.77
05/06/2014,99.5
05/05/2014,99.48
05/02/2014,99.76
05/01/2014,99.42
04/30/2014,99.74
04/29/2014,101.28
04/28/2014,100.84
04/25/2014,100.6
04/24/2014,101.94
04/23/2014,101.44
04/22/2014,102.13
04/21/2014,104.37
04/17/2014,104.3
04/16/2014,103.76
04/15/2014,103.75
04/14/2014,104.05
04/11/2014,103.74
04/10/2014,103.4
04/09/2014,103.6
04/08/2014,102.56
04/07/2014,100.44
04/04/2014,101.14
04/03/2014,100.29
04/02/2014,99.62
04/01/2014,99.74
03/31/2014,101.58
03/28/2014,101.67
03/27/2014,101.28
03/26/2014,100.26
03/25/2014,99.19
03/24/2014,99.6
03/21/2014,99.46
03/20/2014,99.43
03/19/2014,100.37
03/18/2014,99.7
03/17/2014,98.08
03/14/2014,98.89
03/13/2014,98.2
03/12/2014,97.99
03/11/2014,100.03
03/10/2014,101.12
03/07/2014,102.58
03/06/2014,101.56
03/05/2014,101.45
03/04/2014,103.33
03/03/2014,104.92
02/28/2014,102.59
02/27/2014,102.4
02/26/2014,102.59
02/25/2014,101.83
02/24/2014,102.82
02/21/2014,102.2
02/20/2014,102.92
02/19/2014,103.31
02/18/2014,102.43
02/17/2014,100.58
02/14/2014,100.3
02/13/2014,100.35
02/12/2014,100.37
02/11/2014,99.94
02/10/2014,100.06
02/07/2014,99.88
02/06/2014,97.84
02/05/2014,97.38
02/04/2014,97.19
02/03/2014,96.43
01/31/2014,97.49
01/30/2014,98.23
01/29/2014,97.36
01/28/2014,97.41
01/27/2014,95.72
01/24/2014,96.64
01/23/2014,97.32
01/22/2014,96.73
01/21/2014,94.99
01/20/2014,93.93
01/17/2014,94.37
01/16/2014,93.96
01/15/2014,94.17
01/14/2014,92.59
01/13/2014,91.8
01/10/2014,92.72
01/09/2014,91.66
01/08/2014,92.33
01/07/2014,93.67
01/06/2014,93.43
01/03/2014,93.96
01/02/2014,95.44
01/01/2014,98.7
12/31/2013,98.42
12/30/2013,99.29
12/27/2013,100.32
12/26/2013,99.55
12/24/2013,99.22
12/23/2013,98.91
12/20/2013,99.32
12/19/2013,98.77
12/18/2013,97.8
12/17/2013,97.22
12/16/2013,97.48
12/13/2013,96.6
12/12/2013,97.5
12/11/2013,97.44
12/10/2013,98.51
12/09/2013,97.34
12/06/2013,97.65
12/05/2013,97.38
12/04/2013,97.2
12/03/2013,96.04
12/02/2013,93.82
11/29/2013,92.72
11/28/2013,92.28
11/27/2013,92.3
11/26/2013,93.68
11/25/2013,94.09
11/22/2013,94.84
11/21/2013,95.44
11/20/2013,93.33
11/19/2013,93.34
11/18/2013,93.03
11/15/2013,93.84
11/14/2013,93.76
11/13/2013,93.88
11/12/2013,93.04
11/11/2013,95.14
11/08/2013,94.6
11/07/2013,94.2
11/06/2013,94.8
11/05/2013,93.37
11/04/2013,94.62
11/01/2013,94.61
10/31/2013,96.38
10/30/2013,96.77
10/29/2013,98.2
10/28/2013,98.68
10/25/2013,97.85
10/24/2013,97.11
10/23/2013,96.86
10/22/2013,97.8
10/21/2013,99.22
10/18/2013,100.81
10/17/2013,100.67
10/16/2013,102.29
10/15/2013,101.21
10/14/2013,102.41
10/11/2013,102.02
10/10/2013,103.01
10/09/2013,101.61
10/08/2013,103.49
10/07/2013,103.03
10/04/2013,103.84
10/03/2013,103.31
10/02/2013,104.1
10/01/2013,102.04
09/30/2013,102.33
09/27/2013,102.87
09/26/2013,103.03
09/25/2013,102.66
09/24/2013,103.13
09/23/2013,103.59
09/20/2013,104.68
09/19/2013,106.39
09/18/2013,108.07
09/17/2013,105.42
09/16/2013,106.59
09/13/2013,108.21
09/12/2013,108.6
09/11/2013,107.56
09/10/2013,107.39
09/09/2013,109.52
09/06/2013,110.53
09/05/2013,108.37
09/04/2013,107.23
09/03/2013,108.54
09/02/2013,106.75
08/30/2013,107.65
08/29/2013,108.8
08/28/2013,110.1
08/27/2013,109.01
08/26/2013,105.92
08/23/2013,106.42
08/22/2013,105.03
08/21/2013,103.85
08/20/2013,104.96
08/19/2013,107.1
08/16/2013,107.46
08/15/2013,107.33
08/14/2013,106.85
08/13/2013,106.83
08/12/2013,106.11
08/09/2013,105.97
08/08/2013,103.4
08/07/2013,104.37
08/06/2013,105.3
08/05/2013,106.56
08/02/2013,106.94
08/01/2013,107.89
07/31/2013,105.03
07/30/2013,103.08
07/29/2013,104.55
07/26/2013,104.7
07/25/2013,105.49
07/24/2013,105.39
07/23/2013,107.23
07/22/2013,106.91
07/19/2013,108.05
07/18/2013,108.04
07/17/2013,106.48
07/16/2013,106
07/15/2013,106.32
07/12/2013,105.95
07/11/2013,104.91
07/10/2013,106.52
07/09/2013,103.53
07/08/2013,103.14
07/05/2013,103.22
07/04/2013,101.4
07/03/2013,101.24
07/02/2013,99.6
07/01/2013,97.99
06/28/2013,96.56
06/27/2013,97.05
06/26/2013,95.5
06/25/2013,95.32
06/24/2013,95.18
06/21/2013,93.69
06/20/2013,95.4
06/19/2013,98.24
06/18/2013,98.44
06/17/2013,97.77
06/14/2013,97.85
06/13/2013,96.69
06/12/2013,95.88
06/11/2013,95.38
06/10/2013,95.77
06/07/2013,96.03
06/06/2013,94.76
06/05/2013,93.74
06/04/2013,93.31
06/03/2013,93.45
05/31/2013,91.97
05/30/2013,93.61
05/29/2013,93.13
05/28/2013,95.01
05/27/2013,93.83
05/24/2013,94.15
05/23/2013,94.25
05/22/2013,94.28
05/21/2013,96.16
05/20/2013,96.71
05/17/2013,96.02
05/16/2013,95.16
05/15/2013,94.3
05/14/2013,94.21
05/13/2013,95.17
05/10/2013,96.04
05/09/2013,96.39
05/08/2013,96.62
05/07/2013,95.62
05/06/2013,96.16
05/03/2013,95.61
05/02/2013,93.99
05/01/2013,91.03
04/30/2013,93.46
04/29/2013,94.5
04/26/2013,93
04/25/2013,93.64
04/24/2013,91.43
04/23/2013,89.18
04/22/2013,88.76
04/19/2013,88.01
04/18/2013,87.73
04/17/2013,86.68
04/16/2013,88.72
04/15/2013,88.71
04/12/2013,91.29
04/11/2013,93.51
04/10/2013,94.64
04/09/2013,94.2
04/08/2013,93.36
04/05/2013,92.7
04/04/2013,93.26
04/03/2013,94.45
04/02/2013,97.19
04/01/2013,97.07
03/28/2013,97.23
03/27/2013,96.58
03/26/2013,96.34
03/25/2013,94.81
03/22/2013,93.71
03/21/2013,92.45
03/20/2013,92.96
03/19/2013,92.16
03/18/2013,93.74
03/15/2013,93.45
03/14/2013,93.03
03/13/2013,92.52
03/12/2013,92.54
03/11/2013,92.06
03/08/2013,91.95
03/07/2013,91.56
03/06/2013,90.43
03/05/2013,90.82
03/04/2013,90.12
03/01/2013,90.68
02/28/2013,92.05
02/27/2013,92.76
02/26/2013,92.63
02/25/2013,93.11
02/22/2013,93.13
02/21/2013,92.84
02/20/2013,94.46
02/19/2013,96.66
02/15/2013,95.86
02/14/2013,97.31
02/13/2013,97.01
02/12/2013,97.51
02/11/2013,97.03
02/08/2013,95.72
02/07/2013,95.83
02/06/2013,96.62
02/05/2013,96.64
02/04/2013,96.17
02/01/2013,97.77
01/31/2013,97.49
01/30/2013,97.94
01/29/2013,97.57
01/28/2013,96.44
01/25/2013,95.88
01/24/2013,95.95
01/23/2013,95.23
01/22/2013,96.24
01/18/2013,95.56
01/17/2013,95.49
01/16/2013,94.24
01/15/2013,93.28
01/14/2013,94.14
01/11/2013,93.56
01/10/2013,93.82
01/09/2013,93.1
01/08/2013,93.15
01/07/2013,93.19
01/04/2013,93.09
01/03/2013,92.92
01/02/2013,93.12
12/31/2012,91.82
12/28/2012,90.8
12/27/2012,90.87
12/26/2012,90.98
12/24/2012,88.61
12/21/2012,88.66
12/20/2012,90.13
12/19/2012,89.51
12/18/2012,87.93
12/17/2012,87.2
12/14/2012,86.73
12/13/2012,85.89
12/12/2012,86.77
12/11/2012,85.79
12/10/2012,85.56
12/07/2012,85.93
12/06/2012,86.26
12/05/2012,87.88
12/04/2012,88.5
12/03/2012,89.09
11/30/2012,88.91
11/29/2012,88.07
11/28/2012,86.49
11/27/2012,87.18
11/26/2012,87.74
11/23/2012,88.28
11/21/2012,87.38
11/20/2012,86.75
11/19/2012,89.28
11/16/2012,86.67
11/15/2012,85.45
11/14/2012,86.32
11/13/2012,85.38
11/12/2012,85.57
11/09/2012,86.07
11/08/2012,85.09
11/07/2012,84.44
11/06/2012,88.71
11/05/2012,85.65
11/02/2012,84.86
11/01/2012,87.09
10/31/2012,86.24
10/30/2012,85.68
10/29/2012,85.54
10/26/2012,86.28
10/25/2012,86.05
10/24/2012,85.73
10/23/2012,86.67
10/22/2012,88.73
10/19/2012,90.05
10/18/2012,92.1
10/17/2012,92.12
10/16/2012,92.09
10/15/2012,91.85
10/12/2012,91.86
10/11/2012,92.07
10/10/2012,91.25
10/09/2012,92.39
10/08/2012,89.33
10/05/2012,89.88
10/04/2012,91.71
10/03/2012,88.14
10/02/2012,91.89
10/01/2012,92.48
09/28/2012,92.19
09/27/2012,91.85
09/26/2012,89.98
09/25/2012,91.37
09/24/2012,91.93
09/21/2012,92.89
09/20/2012,91.87
09/19/2012,91.98
09/18/2012,95.29
09/17/2012,96.62
09/14/2012,99
09/13/2012,98.31
09/12/2012,97.01
09/11/2012,97.17
09/10/2012,96.54
09/07/2012,96.42
09/06/2012,95.53
09/05/2012,95.36
09/04/2012,95.3
08/31/2012,96.47
08/30/2012,94.62
08/29/2012,95.49
08/28/2012,96.33
08/27/2012,95.47
08/24/2012,96.15
08/23/2012,96.27
08/22/2012,97.26
08/21/2012,96.68
08/20/2012,95.97
08/17/2012,96.01
08/16/2012,95.6
08/15/2012,94.33
08/14/2012,93.43
08/13/2012,92.73
08/10/2012,92.87
08/09/2012,93.36
08/08/2012,93.35
08/07/2012,93.67
08/06/2012,92.2
08/03/2012,91.4
08/02/2012,87.13
08/01/2012,88.91
07/31/2012,88.06
07/30/2012,89.78
07/27/2012,90.13
07/26/2012,89.39
07/25/2012,88.97
07/24/2012,88.5
07/23/2012,88.14
07/20/2012,91.44
07/19/2012,92.66
07/18/2012,89.87
07/17/2012,89.22
07/16/2012,88.43
07/13/2012,87.1
07/12/2012,86.08
07/11/2012,85.81
07/10/2012,83.91
07/09/2012,85.99
07/06/2012,84.45
07/05/2012,87.22
07/03/2012,87.66
07/02/2012,83.75
06/29/2012,84.96
06/28/2012,77.69
06/27/2012,80.21
06/26/2012,79.36
06/25/2012,79.21
06/22/2012,79.76
06/21/2012,78.2
06/20/2012,81.8
06/19/2012,84.03
06/18/2012,83.27
06/15/2012,84.03
06/14/2012,83.91
06/13/2012,82.62
06/12/2012,83.32
06/11/2012,82.7
06/08/2012,84.1
06/07/2012,84.82
06/06/2012,85.02
06/05/2012,84.29
06/04/2012,83.98
06/01/2012,83.23
05/31/2012,86.53
05/30/2012,87.82
05/29/2012,90.76
05/25/2012,90.86
05/24/2012,90.66
05/23/2012,89.9
05/22/2012,91.66
05/21/2012,92.57
05/18/2012,91.48
05/17/2012,92.56
05/16/2012,92.81
05/15/2012,93.98
05/14/2012,94.78
05/11/2012,96.13
05/10/2012,97.08
05/09/2012,96.81
05/08/2012,97.01
05/07/2012,97.94
05/04/2012,98.49
05/03/2012,102.54
05/02/2012,105.22
05/01/2012,106.16
04/30/2012,104.87
04/27/2012,104.93
04/26/2012,104.55
04/25/2012,104.12
04/24/2012,103.55
04/23/2012,103.11
04/20/2012,103.05
04/19/2012,102.27
04/18/2012,102.67
04/17/2012,104.2
04/16/2012,102.93
04/13/2012,102.83
04/12/2012,103.64
04/11/2012,102.7
04/10/2012,101.02
04/09/2012,102.46
04/05/2012,103.31
04/04/2012,101.47
04/03/2012,104.01
04/02/2012,105.23
03/30/2012,103.02
03/29/2012,102.78
03/28/2012,105.41
03/27/2012,107.33
03/26/2012,107.03
03/23/2012,106.87
03/22/2012,105.35
03/21/2012,107.27
03/20/2012,105.61
03/19/2012,108.09
03/16/2012,107.06
03/15/2012,105.11
03/14/2012,105.43
03/13/2012,106.71
03/12/2012,106.34
03/09/2012,107.4
03/08/2012,106.58
03/07/2012,106.16
03/06/2012,104.7
03/05/2012,106.72
03/02/2012,106.7
03/01/2012,108.84
02/29/2012,107.07
02/28/2012,106.55
02/27/2012,108.56
02/24/2012,109.77
02/23/2012,107.83
02/22/2012,106.28
02/21/2012,105.84
02/17/2012,103.24
02/16/2012,102.31
02/15/2012,101.8
02/14/2012,100.74
02/13/2012,100.91
02/10/2012,98.67
02/09/2012,99.84
02/08/2012,98.71
02/07/2012,98.41
02/06/2012,96.91
02/03/2012,97.84
02/02/2012,96.36
02/01/2012,97.61
01/31/2012,98.48
01/30/2012,98.78
01/27/2012,99.56
01/26/2012,99.7
01/25/2012,99.4
01/24/2012,98.95
01/23/2012,99.58
01/20/2012,98.46
01/19/2012,100.39
01/18/2012,100.59
01/17/2012,100.71
01/13/2012,98.7
01/12/2012,99.1
01/11/2012,100.87
01/10/2012,102.24
01/09/2012,101.31
01/06/2012,101.56
01/05/2012,101.81
01/04/2012,103.22
01/03/2012,102.96
12/30/2011,98.83
12/29/2011,99.65
12/28/2011,99.36
12/27/2011,101.34
12/23/2011,99.68
12/22/2011,99.53
12/21/2011,98.67
12/20/2011,97.22
12/19/2011,93.88
12/16/2011,93.53
12/15/2011,93.87
12/14/2011,94.95
12/13/2011,100.14
12/12/2011,97.77
12/09/2011,99.41
12/08/2011,98.34
12/07/2011,100.49
12/06/2011,101.28
12/05/2011,100.99
12/02/2011,100.96
12/01/2011,100.2
11/30/2011,100.36
11/29/2011,99.79
11/28/2011,98.21
11/25/2011,96.77
11/23/2011,96.17
11/22/2011,98.01
11/21/2011,96.92
11/18/2011,97.41
11/17/2011,98.82
11/16/2011,102.59
11/15/2011,99.37
11/14/2011,98.14
11/11/2011,98.99
11/10/2011,97.78
11/09/2011,95.74
11/08/2011,96.8
11/07/2011,95.52
11/04/2011,94.26
11/03/2011,94.07
11/02/2011,92.51
11/01/2011,92.19
10/31/2011,93.19
10/28/2011,93.32
10/27/2011,93.96
10/26/2011,90.2
10/25/2011,93.17
10/24/2011,91.27
10/21/2011,87.4
10/20/2011,85.3
10/19/2011,86.11
10/18/2011,88.34
10/17/2011,86.38
10/14/2011,86.8
10/13/2011,84.23
10/12/2011,85.57
10/11/2011,85.81
10/10/2011,85.41
10/07/2011,82.98
10/06/2011,82.59
10/05/2011,79.68
10/04/2011,75.67
10/03/2011,77.61
09/30/2011,79.2
09/29/2011,82.14
09/28/2011,81.21
09/27/2011,84.45
09/26/2011,80.24
09/23/2011,79.85
09/22/2011,80.51
09/21/2011,85.92
09/20/2011,86.89
09/19/2011,85.7
09/16/2011,87.96
09/15/2011,89.4
09/14/2011,88.91
09/13/2011,90.21
09/12/2011,88.19
09/09/2011,87.24
09/08/2011,89.05
09/07/2011,89.34
09/06/2011,86.02
09/02/2011,86.45
09/01/2011,88.93
08/31/2011,88.81
08/30/2011,88.9
08/29/2011,87.27
08/26/2011,85.37
08/25/2011,85.3
08/24/2011,85.16
08/23/2011,85.44
08/22/2011,84.12
08/19/2011,82.26
08/18/2011,82.38
08/17/2011,87.58
08/16/2011,86.65
08/15/2011,87.88
08/12/2011,85.38
08/11/2011,85.72
08/10/2011,82.89
08/09/2011,79.3
08/08/2011,81.31
08/05/2011,86.88
08/04/2011,86.63
08/03/2011,91.93
08/02/2011,93.79
08/01/2011,94.89
07/29/2011,95.7
07/28/2011,97.44
07/27/2011,97.4
07/26/2011,99.59
07/25/2011,99.2
07/22/2011,99.87
07/21/2011,99.13
07/20/2011,98.14
07/19/2011,97.5
07/18/2011,95.93
07/15/2011,97.24
07/14/2011,95.69
07/13/2011,98.05
07/12/2011,97.43
07/11/2011,95.15
07/08/2011,96.2
07/07/2011,98.67
07/06/2011,96.65
07/05/2011,96.89
07/01/2011,94.94
06/30/2011,95.42
06/29/2011,94.77
06/28/2011,92.89
06/27/2011,90.61
06/24/2011,91.16
06/23/2011,91.02
06/22/2011,95.41
06/21/2011,93.4
06/20/2011,93.26
06/17/2011,93.01
06/16/2011,94.95
06/15/2011,94.81
06/14/2011,99.37
06/13/2011,97.3
06/10/2011,99.29
06/09/2011,101.93
06/08/2011,100.74
06/07/2011,99.09
06/06/2011,99.01
06/03/2011,100.22
06/02/2011,100.4
06/01/2011,100.29
05/31/2011,102.7
05/27/2011,100.59
05/26/2011,100.23
05/25/2011,101.32
05/24/2011,99.59
05/23/2011,97.7
05/20/2011,99.49
05/19/2011,98.44
05/18/2011,100.1
05/17/2011,96.91
05/16/2011,97.37
05/13/2011,99.65
05/12/2011,98.97
05/11/2011,98.21
05/10/2011,103.88
05/09/2011,102.55
05/06/2011,97.18
05/05/2011,99.8
05/04/2011,109.24
05/03/2011,111.05
05/02/2011,113.52
04/29/2011,113.93
04/28/2011,112.86
04/27/2011,112.76
04/26/2011,112.21
04/25/2011,112.28
04/21/2011,112.29
04/20/2011,111.45
04/19/2011,108.15
04/18/2011,107.12
04/15/2011,109.66
04/14/2011,108.11
04/13/2011,107.11
04/12/2011,106.25
04/11/2011,109.92
04/08/2011,112.79
04/07/2011,110.3
04/06/2011,108.83
04/05/2011,108.34
04/04/2011,108.47
04/01/2011,107.94
03/31/2011,106.72
03/30/2011,104.27
03/29/2011,104.79
03/28/2011,103.98
03/25/2011,105.4
03/24/2011,105.6
03/23/2011,105.75
03/22/2011,104
03/21/2011,102.33
03/18/2011,101.07
03/17/2011,101.42
03/16/2011,97.98
03/15/2011,97.18
03/14/2011,101.19
03/11/2011,101.16
03/10/2011,102.7
03/09/2011,104.38
03/08/2011,105.02
03/07/2011,105.44
03/04/2011,104.42
03/03/2011,101.91
03/02/2011,102.23
03/01/2011,99.63
02/28/2011,96.97
02/25/2011,97.88
02/24/2011,97.28
02/23/2011,98.1
02/22/2011,93.57
02/18/2011,86.2
02/17/2011,86.36
02/16/2011,84.99
02/15/2011,84.32
02/14/2011,84.81
02/11/2011,85.58
02/10/2011,86.73
02/09/2011,86.71
02/08/2011,86.94
02/07/2011,87.48
02/04/2011,89.03
02/03/2011,90.54
02/02/2011,90.86
02/01/2011,90.77
01/31/2011,92.19
01/28/2011,89.34
01/27/2011,85.64
01/26/2011,87.33
01/25/2011,86.19
01/24/2011,87.87
01/21/2011,89.11
01/20/2011,88.86
01/19/2011,90.86
01/18/2011,91.38
01/14/2011,91.54
01/13/2011,91.4
01/12/2011,91.86
01/11/2011,91.11
01/10/2011,89.25
01/07/2011,88.03
01/06/2011,88.38
01/05/2011,90.3
01/04/2011,89.38
01/03/2011,91.55
12/31/2010,91.38
12/30/2010,89.84
12/29/2010,91.12
12/28/2010,91.49
12/27/2010,91
12/23/2010,91.51
12/22/2010,90.48
12/21/2010,89.82
12/20/2010,88.81
12/17/2010,88.02
12/16/2010,87.7
12/15/2010,88.62
12/14/2010,88.28
12/13/2010,88.61
12/10/2010,87.79
12/09/2010,88.37
12/08/2010,88.28
12/07/2010,88.69
12/06/2010,89.38
12/03/2010,89.19
12/02/2010,88
12/01/2010,86.75
11/30/2010,84.11
11/29/2010,85.73
11/26/2010,83.76
11/24/2010,83.86
11/23/2010,81.25
11/22/2010,81.74
11/19/2010,81.51
11/18/2010,81.85
11/17/2010,80.44
11/16/2010,82.34
11/15/2010,84.86
11/12/2010,84.88
11/11/2010,87.81
11/10/2010,87.81
11/09/2010,86.72
11/08/2010,87.06
11/05/2010,86.85
11/04/2010,86.49
11/03/2010,84.69
11/02/2010,83.9
11/01/2010,82.95
10/29/2010,81.43
10/28/2010,82.18
10/27/2010,81.94
10/26/2010,82.55
10/25/2010,82.52
10/22/2010,81.69
10/21/2010,80.56
10/20/2010,81.77
10/19/2010,79.49
10/18/2010,83.08
10/15/2010,81.25
10/14/2010,82.69
10/13/2010,83.01
10/12/2010,81.67
10/11/2010,82.21
10/08/2010,82.66
10/07/2010,81.67
10/06/2010,83.23
10/05/2010,82.82
10/04/2010,81.47
10/01/2010,81.58
09/30/2010,79.97
09/29/2010,77.86
09/28/2010,76.18
09/27/2010,76.52
09/24/2010,76.49
09/23/2010,75.18
09/22/2010,74.71
09/21/2010,73.52
09/20/2010,74.86
09/17/2010,73.66
09/16/2010,74.57
09/15/2010,76.02
09/14/2010,76.8
09/13/2010,77.19
09/10/2010,76.45
09/09/2010,74.25
09/08/2010,74.67
09/07/2010,74.09
09/03/2010,74.6
09/02/2010,75.02
09/01/2010,73.91
08/31/2010,71.92
08/30/2010,74.7
08/27/2010,75.17
08/26/2010,73.36
08/25/2010,72.52
08/24/2010,71.63
08/23/2010,73.1
08/20/2010,73.46
08/19/2010,74.43
08/18/2010,75.42
08/17/2010,75.77
08/16/2010,75.24
08/13/2010,75.39
08/12/2010,75.74
08/11/2010,78.02
08/10/2010,80.25
08/09/2010,81.48
08/06/2010,80.7
08/05/2010,82.01
08/04/2010,82.47
08/03/2010,82.55
08/02/2010,81.34
07/30/2010,78.95
07/29/2010,78.36
07/28/2010,76.99
07/27/2010,77.5
07/26/2010,78.98
07/23/2010,78.98
07/22/2010,79.3
07/21/2010,76.56
07/20/2010,77.44
07/19/2010,76.54
07/16/2010,76.01
07/15/2010,76.62
07/14/2010,77.04
07/13/2010,77.15
07/12/2010,74.95
07/09/2010,76.09
07/08/2010,75.44
07/07/2010,74.07
07/06/2010,71.98
07/02/2010,72.14
07/01/2010,72.95
06/30/2010,75.63
06/29/2010,75.94
06/28/2010,78.25
06/25/2010,78.86
06/24/2010,76.51
06/23/2010,76.35
06/22/2010,77.21
06/21/2010,77.82
06/18/2010,77.18
06/17/2010,76.79
06/16/2010,77.67
06/15/2010,76.94
06/14/2010,75.12
06/11/2010,73.78
06/10/2010,75.48
06/09/2010,74.38
06/08/2010,71.99
06/07/2010,71.44
06/04/2010,71.51
06/03/2010,74.61
06/02/2010,72.86
06/01/2010,72.58
05/28/2010,73.97
05/27/2010,74.55
05/26/2010,71.51
05/25/2010,68.75
05/24/2010,70.21
05/21/2010,70.04
05/20/2010,68.01
05/19/2010,69.87
05/18/2010,69.41
05/17/2010,70.08
05/14/2010,71.61
05/13/2010,74.4
05/12/2010,75.65
05/11/2010,76.37
05/10/2010,76.8
05/07/2010,75.11
05/06/2010,77.11
05/05/2010,79.97
05/04/2010,82.74
05/03/2010,86.19
04/30/2010,86.15
04/29/2010,85.17
04/28/2010,83.22
04/27/2010,82.44
04/26/2010,84.2
04/23/2010,85.12
04/22/2010,83.7
04/21/2010,83.68
04/20/2010,83.45
04/19/2010,81.45
04/16/2010,83.24
04/15/2010,85.51
04/14/2010,85.84
04/13/2010,84.05
04/12/2010,84.34
04/09/2010,84.92
04/08/2010,85.39
04/07/2010,85.88
04/06/2010,86.84
04/05/2010,86.62
04/01/2010,84.87
03/31/2010,83.76
03/30/2010,82.37
03/29/2010,82.17
03/26/2010,80
03/25/2010,80.53
03/24/2010,80.61
03/23/2010,81.91
03/22/2010,81.25
03/19/2010,80.68
03/18/2010,82.2
03/17/2010,82.93
03/16/2010,81.7
03/15/2010,79.8
03/12/2010,81.24
03/11/2010,82.11
03/10/2010,82.09
03/09/2010,81.49
03/08/2010,81.87
03/05/2010,81.5
03/04/2010,80.21
03/03/2010,80.87
03/02/2010,79.68
03/01/2010,78.7
02/26/2010,79.66
02/25/2010,78.17
02/24/2010,80
02/23/2010,78.86
02/22/2010,80.16
02/19/2010,79.81
02/18/2010,79.06
02/17/2010,77.33
02/16/2010,77.01
02/12/2010,74.13
02/11/2010,75.28
02/10/2010,74.52
02/09/2010,73.75
02/08/2010,71.89
02/05/2010,71.19
02/04/2010,73.14
02/03/2010,76.98
02/02/2010,77.23
02/01/2010,74.43
01/29/2010,72.89
01/28/2010,73.64
01/27/2010,73.67
01/26/2010,74.71
01/25/2010,75.26
01/22/2010,74.54
01/21/2010,76.08
01/20/2010,77.62
01/19/2010,79.02
01/15/2010,78
01/14/2010,79.39
01/13/2010,79.65
01/12/2010,80.79
01/11/2010,82.52
01/08/2010,82.75
01/07/2010,82.66
01/06/2010,83.18
01/05/2010,81.77
01/04/2010,81.51
12/31/2009,79.36
12/30/2009,79.28
12/29/2009,78.87
12/28/2009,78.77
12/24/2009,78.05
12/23/2009,76.67
12/22/2009,74.4
12/21/2009,72.47
12/18/2009,73.36
12/17/2009,72.65
12/16/2009,72.66
12/15/2009,70.69
12/14/2009,69.51
12/11/2009,69.87
12/10/2009,70.54
12/09/2009,70.67
12/08/2009,72.62
12/07/2009,73.93
12/04/2009,75.47
12/03/2009,76.46
12/02/2009,76.6
12/01/2009,78.37
11/30/2009,77.28
11/27/2009,76.05
11/25/2009,77.96
11/24/2009,76.02
11/23/2009,77.56
11/20/2009,76.72
11/19/2009,77.46
11/18/2009,79.58
11/17/2009,79.14
11/16/2009,78.9
11/13/2009,76.35
11/12/2009,76.94
11/11/2009,79.28
11/10/2009,79.05
11/09/2009,79.43
11/06/2009,77.43
11/05/2009,79.62
11/04/2009,80.4
11/03/2009,79.6
11/02/2009,78.13
10/30/2009,77
10/29/2009,79.87
10/28/2009,77.46
10/27/2009,79.55
10/26/2009,78.68
10/23/2009,80.5
10/22/2009,81.19
10/21/2009,81.37
10/20/2009,79.09
10/19/2009,79.61
10/16/2009,78.53
10/15/2009,77.58
10/14/2009,75.18
10/13/2009,74.15
10/12/2009,73.27
10/09/2009,71.77
10/08/2009,71.69
10/07/2009,69.57
10/06/2009,70.88
10/05/2009,70.41
10/02/2009,69.95
10/01/2009,70.82
09/30/2009,70.61
09/29/2009,66.71
09/28/2009,66.84
09/25/2009,66.02
09/24/2009,65.89
09/23/2009,68.97
09/22/2009,71.55
09/21/2009,69.71
09/18/2009,72.04
09/17/2009,72.47
09/16/2009,72.51
09/15/2009,70.93
09/14/2009,68.86
09/11/2009,69.29
09/10/2009,71.94
09/09/2009,71.31
09/08/2009,71.1
09/04/2009,68.02
09/03/2009,67.96
09/02/2009,68.05
09/01/2009,68.05
08/31/2009,69.96
08/28/2009,72.74
08/27/2009,72.49
08/26/2009,71.43
08/25/2009,72.05
08/24/2009,74.37
08/21/2009,73.89
08/20/2009,72.54
08/19/2009,72.42
08/18/2009,69.19
08/17/2009,66.75
08/14/2009,67.51
08/13/2009,70.52
08/12/2009,70.16
08/11/2009,69.45
08/10/2009,70.6
08/07/2009,70.93
08/06/2009,71.94
08/05/2009,71.97
08/04/2009,71.42
08/03/2009,71.58
07/31/2009,69.45
07/30/2009,66.94
07/29/2009,63.35
07/28/2009,67.23
07/27/2009,68.38
07/24/2009,68.05
07/23/2009,67.16
07/22/2009,65.4
07/21/2009,64.72
07/20/2009,63.98
07/17/2009,63.56
07/16/2009,62.02
07/15/2009,61.54
07/14/2009,59.52
07/13/2009,59.69
07/10/2009,59.89
07/09/2009,60.41
07/08/2009,60.14
07/07/2009,62.93
07/06/2009,64.05
07/02/2009,66.73
07/01/2009,69.31
06/30/2009,69.89
06/29/2009,71.49
06/26/2009,69.16
06/25/2009,70.23
06/24/2009,68.67
06/23/2009,69.24
06/22/2009,66.93
06/19/2009,69.55
06/18/2009,71.37
06/17/2009,71.03
06/16/2009,70.47
06/15/2009,70.62
06/12/2009,72.04
06/11/2009,72.68
06/10/2009,71.33
06/09/2009,70.01
06/08/2009,68.09
06/05/2009,68.44
06/04/2009,68.81
06/03/2009,66.12
06/02/2009,68.55
06/01/2009,68.58
05/29/2009,66.31
05/28/2009,65.08
05/27/2009,63.45
05/26/2009,62.45
05/22/2009,61.67
05/21/2009,61.05
05/20/2009,62.04
05/19/2009,59.65
05/18/2009,59.03
05/15/2009,56.34
05/14/2009,58.62
05/13/2009,58.02
05/12/2009,58.85
05/11/2009,58.5
05/08/2009,58.63
05/07/2009,56.71
05/06/2009,56.34
05/05/2009,53.84
05/04/2009,54.47
05/01/2009,53.2
04/30/2009,51.12
04/29/2009,50.97
04/28/2009,49.92
04/27/2009,50.14
04/24/2009,51.55
04/23/2009,49.62
04/22/2009,48.85
04/21/2009,46.51
04/20/2009,45.88
04/17/2009,50.33
04/16/2009,49.98
04/15/2009,49.25
04/14/2009,49.41
04/13/2009,50.05
04/09/2009,52.24
04/08/2009,49.38
04/07/2009,49.15
04/06/2009,51.05
04/03/2009,52.51
04/02/2009,52.64
04/01/2009,48.39
03/31/2009,49.66
03/30/2009,48.41
03/27/2009,52.38
03/26/2009,54.34
03/25/2009,52.77
03/24/2009,53.98
03/23/2009,53.8
03/20/2009,51.06
03/19/2009,51.61
03/18/2009,48.14
03/17/2009,49.16
03/16/2009,47.35
03/13/2009,46.25
03/12/2009,47.03
03/11/2009,42.33
03/10/2009,45.71
03/09/2009,47.07
03/06/2009,45.52
03/05/2009,43.61
03/04/2009,45.38
03/03/2009,41.65
03/02/2009,40.15
02/27/2009,44.76
02/26/2009,45.22
02/25/2009,42.5
02/24/2009,39.96
02/23/2009,38.44
02/20/2009,38.94
02/19/2009,39.48
02/18/2009,34.62
02/17/2009,34.93
02/13/2009,37.51
02/12/2009,33.98
02/11/2009,35.94
02/10/2009,37.55
02/09/2009,39.56
02/06/2009,40.17
02/05/2009,41.17
02/04/2009,40.32
02/03/2009,40.78
02/02/2009,40.08
01/30/2009,41.68
01/29/2009,41.44
01/28/2009,42.16
01/27/2009,41.58
01/26/2009,45.73
01/23/2009,46.47
01/22/2009,43.67
01/21/2009,43.55
01/20/2009,38.74
01/16/2009,36.51
01/15/2009,35.4
01/14/2009,37.28
01/13/2009,37.78
01/12/2009,37.59
01/09/2009,40.83
01/08/2009,41.7
01/07/2009,42.63
01/06/2009,48.58
01/05/2009,48.81
01/02/2009,46.34
12/31/2008,44.6
12/30/2008,39.03
12/29/2008,40.02
12/26/2008,37.71
12/24/2008,35.35
12/23/2008,38.98
12/22/2008,39.91
12/19/2008,33.87
12/18/2008,36.22
12/17/2008,40.06
12/16/2008,43.6
12/15/2008,44.51
12/12/2008,46.28
12/11/2008,47.98
12/10/2008,43.52
12/09/2008,42.07
12/08/2008,43.71
12/05/2008,40.81
12/04/2008,43.67
12/03/2008,46.79
12/02/2008,46.96
12/01/2008,49.28
11/28/2008,54.43
11/26/2008,54.44
11/25/2008,50.77
11/24/2008,54.5
11/21/2008,49.93
11/20/2008,49.62
11/19/2008,53.62
11/18/2008,54.39
11/17/2008,54.95
11/14/2008,57.04
11/13/2008,58.24
11/12/2008,56.16
11/11/2008,59.33
11/10/2008,62.41
11/07/2008,61.04
11/06/2008,60.77
11/05/2008,65.3
11/04/2008,70.53
11/03/2008,63.91
10/31/2008,67.81
10/30/2008,65.96
10/29/2008,67.5
10/28/2008,62.73
10/27/2008,63.22
10/24/2008,64.15
10/23/2008,67.84
10/22/2008,66.75
10/21/2008,70.89
10/20/2008,74.25
10/17/2008,71.85
10/16/2008,69.85
10/15/2008,74.54
10/14/2008,78.63
10/13/2008,81.19
10/10/2008,77.7
10/09/2008,86.59
10/08/2008,88.95
10/07/2008,90.06
10/06/2008,87.81
10/03/2008,93.88
10/02/2008,93.97
10/01/2008,98.53
09/30/2008,100.64
09/29/2008,96.37
09/26/2008,106.89
09/25/2008,108.02
09/24/2008,105.73
09/23/2008,106.61
09/22/2008,120.92
09/19/2008,104.55
09/18/2008,97.88
09/17/2008,97.16
09/16/2008,91.15
09/15/2008,95.71
09/12/2008,101.18
09/11/2008,100.87
09/10/2008,102.58
09/09/2008,103.26
09/08/2008,106.34
09/05/2008,106.23
09/04/2008,107.89
09/03/2008,109.35
09/02/2008,109.71
08/29/2008,115.46
08/28/2008,115.59
08/27/2008,118.15
08/26/2008,116.27
08/25/2008,115.11
08/22/2008,114.59
08/21/2008,121.18
08/20/2008,114.98
08/19/2008,114.53
08/18/2008,112.87
08/15/2008,113.77
08/14/2008,115.01
08/13/2008,116
08/12/2008,113.01
08/11/2008,114.45
08/08/2008,115.2
08/07/2008,120.02
08/06/2008,118.58
08/05/2008,119.17
08/04/2008,121.41
08/01/2008,125.1
07/31/2008,124.08
07/30/2008,126.77
07/29/2008,122.19
07/28/2008,124.73
07/25/2008,123.26
07/24/2008,125.49
07/23/2008,124.44
07/22/2008,127.95
07/21/2008,131.04
07/18/2008,128.88
07/17/2008,129.29
07/16/2008,134.6
07/15/2008,138.74
07/14/2008,145.18
07/11/2008,145.08
07/10/2008,141.65
07/09/2008,136.05
07/08/2008,136.04
07/07/2008,141.37
07/03/2008,145.29
07/02/2008,143.57
07/01/2008,140.97
06/30/2008,140
06/27/2008,140.21
06/26/2008,139.64
06/25/2008,134.55
06/24/2008,137
06/23/2008,136.74
06/20/2008,134.62
06/19/2008,131.93
06/18/2008,136.68
06/17/2008,134.01
06/16/2008,134.61
06/13/2008,134.86
06/12/2008,136.74
06/11/2008,136.38
06/10/2008,131.31
06/09/2008,134.35
06/06/2008,138.54
06/05/2008,127.79
06/04/2008,122.3
06/03/2008,124.31
06/02/2008,127.76
05/30/2008,127.35
05/29/2008,126.62
05/28/2008,131.03
05/27/2008,128.85
05/23/2008,132.19
05/22/2008,130.81
05/21/2008,133.17
05/20/2008,129.07
05/19/2008,127.05
05/16/2008,126.29
05/15/2008,124.12
05/14/2008,124.22
05/13/2008,125.8
05/12/2008,124.23
05/09/2008,125.96
05/08/2008,123.69
05/07/2008,123.53
05/06/2008,121.84
05/05/2008,119.97
05/02/2008,116.32
05/01/2008,112.52
04/30/2008,113.46
04/29/2008,115.63
04/28/2008,118.75
04/25/2008,118.52
04/24/2008,116.06
04/23/2008,118.3
04/22/2008,119.37
04/21/2008,117.48
04/18/2008,116.69
04/17/2008,114.86
04/16/2008,114.93
04/15/2008,113.79
04/14/2008,111.76
04/11/2008,110.14
04/10/2008,110.11
04/09/2008,110.87
04/08/2008,108.5
04/07/2008,109.09
04/04/2008,106.23
04/03/2008,103.83
04/02/2008,104.83
04/01/2008,100.98
03/31/2008,101.58
03/28/2008,105.62
03/27/2008,107.58
03/26/2008,105.9
03/25/2008,101.22
03/24/2008,100.86
03/20/2008,101.84
03/19/2008,104.48
03/18/2008,109.42
03/17/2008,105.68
03/14/2008,110.21
03/13/2008,110.33
03/12/2008,109.92
03/11/2008,108.75
03/10/2008,107.9
03/07/2008,105.15
03/06/2008,105.47
03/05/2008,104.52
03/04/2008,99.52
03/03/2008,102.45
02/29/2008,101.84
02/28/2008,102.59
02/27/2008,99.64
02/26/2008,100.88
02/25/2008,99.23
02/22/2008,98.81
02/21/2008,98.23
02/20/2008,100.74
02/19/2008,100.01
02/15/2008,95.5
02/14/2008,95.46
02/13/2008,93.27
02/12/2008,92.78
02/11/2008,93.59
02/08/2008,91.77
02/07/2008,88.11
02/06/2008,87.14
02/05/2008,88.41
02/04/2008,90.02
02/01/2008,88.96
01/31/2008,91.75
01/30/2008,92.33
01/29/2008,91.64
01/28/2008,90.99
01/25/2008,90.71
01/24/2008,89.41
01/23/2008,86.99
01/22/2008,89.85
01/18/2008,90.57
01/17/2008,90.13
01/16/2008,90.84
01/15/2008,91.9
01/14/2008,94.2
01/11/2008,92.69
01/10/2008,93.71
01/09/2008,95.67
01/08/2008,96.33
01/07/2008,95.09
01/04/2008,97.91
01/03/2008,99.18
01/02/2008,99.62
12/31/2007,95.98
12/28/2007,96
12/27/2007,96.62
12/26/2007,95.97
12/24/2007,94.13
12/21/2007,93.31
12/20/2007,91.06
12/19/2007,91.24
12/18/2007,90.49
12/17/2007,90.63
12/14/2007,91.27
12/13/2007,92.25
12/12/2007,94.39
12/11/2007,90.02
12/10/2007,87.86
12/07/2007,88.28
12/06/2007,90.23
12/05/2007,87.49
12/04/2007,88.32
12/03/2007,89.31
11/30/2007,88.71
11/29/2007,91.01
11/28/2007,90.62
11/27/2007,94.42
11/26/2007,97.7
11/23/2007,98.18
11/21/2007,97.29
11/20/2007,98.03
11/19/2007,94.64
11/16/2007,95.1
11/15/2007,93.43
11/14/2007,94.09
11/13/2007,91.17
11/12/2007,94.62
11/09/2007,96.32
11/08/2007,95.46
11/07/2007,96.37
11/06/2007,96.7
11/05/2007,93.98
11/02/2007,95.93
11/01/2007,93.49
10/31/2007,94.53
10/30/2007,90.38
10/29/2007,93.53
10/26/2007,91.86
10/25/2007,90.46
10/24/2007,87.1
10/23/2007,85.27
10/22/2007,87.56
10/19/2007,88.6
10/18/2007,89.47
10/17/2007,87.4
10/16/2007,87.61
10/15/2007,86.13
10/12/2007,83.69
10/11/2007,83.08
10/10/2007,81.3
10/09/2007,80.26
10/08/2007,79.02
10/05/2007,81.22
10/04/2007,81.44
10/03/2007,79.94
10/02/2007,80.05
10/01/2007,80.24
09/28/2007,81.66
09/27/2007,82.88
09/26/2007,80.3
09/25/2007,79.53
09/24/2007,80.95
09/21/2007,81.62
09/20/2007,83.32
09/19/2007,81.93
09/18/2007,81.51
09/17/2007,80.57
09/14/2007,79.1
09/13/2007,80.09
09/12/2007,79.91
09/11/2007,78.23
09/10/2007,77.49
09/07/2007,76.7
09/06/2007,76.3
09/05/2007,75.73
09/04/2007,75.08
08/31/2007,74.04
08/30/2007,73.36
08/29/2007,73.51
08/28/2007,71.73
08/27/2007,71.97
08/24/2007,71.09
08/23/2007,69.83
08/22/2007,69.26
08/21/2007,69.47
08/20/2007,71.12
08/17/2007,71.98
08/16/2007,71
08/15/2007,73.33
08/14/2007,72.38
08/13/2007,71.62
08/10/2007,71.47
08/09/2007,71.59
08/08/2007,72.15
08/07/2007,72.42
08/06/2007,72.06
08/03/2007,75.48
08/02/2007,76.86
08/01/2007,76.53
07/31/2007,78.21
07/30/2007,76.83
07/27/2007,77.02
07/26/2007,74.95
07/25/2007,75.88
07/24/2007,73.56
07/23/2007,74.89
07/20/2007,75.57
07/19/2007,75.92
07/18/2007,75.05
07/17/2007,74.02
07/16/2007,74.15
07/13/2007,73.93
07/12/2007,72.5
07/11/2007,72.56
07/10/2007,72.81
07/09/2007,72.19
07/06/2007,72.81
07/05/2007,71.81
07/03/2007,71.41
07/02/2007,71.09
06/29/2007,70.68
06/28/2007,69.57
06/27/2007,68.97
06/26/2007,67.77
06/25/2007,69.18
06/22/2007,69.14
06/21/2007,68.65
06/20/2007,68.19
06/19/2007,69.1
06/18/2007,69.09
06/15/2007,68
06/14/2007,67.65
06/13/2007,66.26
06/12/2007,65.35
06/11/2007,65.97
06/08/2007,64.76
06/07/2007,66.93
06/06/2007,65.96
06/05/2007,65.61
06/04/2007,66.21
06/01/2007,65.08
05/31/2007,64.01
05/30/2007,63.49
05/29/2007,63.15
05/25/2007,65.2
05/24/2007,64.18
05/23/2007,65.77
05/22/2007,64.97
05/21/2007,66.27
05/18/2007,64.94
05/17/2007,64.86
05/16/2007,62.55
05/15/2007,63.17
05/14/2007,62.46
05/11/2007,62.37
05/10/2007,61.81
05/09/2007,61.55
05/08/2007,62.26
05/07/2007,61.47
05/04/2007,61.93
05/03/2007,63.19
05/02/2007,63.68
05/01/2007,64.4
04/30/2007,65.71
04/27/2007,66.46
04/26/2007,65.06
04/25/2007,65.84
04/24/2007,64.58
04/23/2007,65.89
04/20/2007,63.38
04/19/2007,61.83
04/18/2007,63.13
04/17/2007,63.1
04/16/2007,63.61
04/13/2007,63.63
04/12/2007,63.85
04/11/2007,62.01
04/10/2007,61.89
04/09/2007,61.51
04/05/2007,64.28
04/04/2007,64.38
04/03/2007,64.64
04/02/2007,65.94
03/30/2007,65.87
03/29/2007,66.03
03/28/2007,64.08
03/27/2007,62.93
03/26/2007,62.91
03/23/2007,62.28
03/22/2007,61.69
03/21/2007,59.61
03/20/2007,56.73
03/19/2007,56.59
03/16/2007,57.11
03/15/2007,57.55
03/14/2007,58.16
03/13/2007,57.93
03/12/2007,58.91
03/09/2007,60.05
03/08/2007,61.64
03/07/2007,61.82
03/06/2007,60.69
03/05/2007,60.07
03/02/2007,61.64
03/01/2007,62
02/28/2007,61.79
02/27/2007,61.46
02/26/2007,61.39
02/23/2007,61.14
02/22/2007,60.95
02/21/2007,60.07
02/20/2007,58.07
02/16/2007,59.39
02/15/2007,57.99
02/14/2007,58
02/13/2007,59.06
02/12/2007,57.81
02/09/2007,59.89
02/08/2007,59.71
02/07/2007,57.71
02/06/2007,58.88
02/05/2007,58.74
02/02/2007,59.02
02/01/2007,57.3
01/31/2007,58.14
01/30/2007,56.97
01/29/2007,54.01
01/26/2007,55.42
01/25/2007,54.23
01/24/2007,55.37
01/23/2007,55.04
01/22/2007,51.13
01/19/2007,51.99
01/18/2007,50.48
01/17/2007,52.24
01/16/2007,51.21
01/12/2007,52.99
01/11/2007,51.88
01/10/2007,54.02
01/09/2007,55.64
01/08/2007,56.09
01/05/2007,56.31
01/04/2007,55.59
01/03/2007,58.32
01/02/2007,61.05
12/29/2006,61.05
12/28/2006,60.53
12/27/2006,60.34
12/26/2006,61.1
12/22/2006,62.41
12/21/2006,62.66
12/20/2006,63.72
12/19/2006,63.15
12/18/2006,62.21
12/15/2006,63.43
12/14/2006,62.51
12/13/2006,61.37
12/12/2006,61.02
12/11/2006,61.22
12/08/2006,62.03
12/07/2006,62.49
12/06/2006,62.19
12/05/2006,62.43
12/04/2006,62.44
12/01/2006,63.43
11/30/2006,63.13
11/29/2006,62.46
11/28/2006,60.99
11/27/2006,60.32
11/24/2006,59.24
11/22/2006,59.24
11/21/2006,60.17
11/20/2006,58.8
11/17/2006,55.81
11/16/2006,56.26
11/15/2006,58.76
11/14/2006,58.28
11/13/2006,58.58
11/10/2006,59.59
11/09/2006,61.16
11/08/2006,59.83
11/07/2006,58.93
11/06/2006,60.02
11/03/2006,59.14
11/02/2006,57.88
11/01/2006,58.71
10/31/2006,58.73
10/30/2006,58.36
10/27/2006,60.75
10/26/2006,60.36
10/25/2006,61.4
10/24/2006,59.35
10/23/2006,58.81
10/20/2006,56.82
10/19/2006,58.5
10/18/2006,57.65
10/17/2006,58.93
10/16/2006,59.94
10/13/2006,58.57
10/12/2006,57.86
10/11/2006,57.59
10/10/2006,58.52
10/09/2006,59.96
10/06/2006,59.76
10/05/2006,60.03
10/04/2006,59.41
10/03/2006,58.68
10/02/2006,61.03
09/29/2006,62.91
09/28/2006,62.76
09/27/2006,62.96
09/26/2006,61.01
09/25/2006,61.45
09/22/2006,60.55
09/21/2006,61.59
09/20/2006,60.46
09/19/2006,61.66
09/18/2006,63.8
09/15/2006,63.33
09/14/2006,63.22
09/13/2006,63.97
09/12/2006,63.76
09/11/2006,65.61
09/08/2006,66.25
09/07/2006,67.32
09/06/2006,67.5
09/05/2006,68.6
09/01/2006,69.19
08/31/2006,70.26
08/30/2006,70.03
08/29/2006,69.71
08/28/2006,70.61
08/25/2006,72.51
08/24/2006,72.36
08/23/2006,71.76
08/22/2006,72.63
08/21/2006,72.45
08/18/2006,71.14
08/17/2006,70.06
08/16/2006,71.89
08/15/2006,73.05
08/14/2006,73.53
08/11/2006,74.35
08/10/2006,74
08/09/2006,76.35
08/08/2006,76.31
08/07/2006,76.98
08/04/2006,74.76
08/03/2006,75.46
08/02/2006,75.81
08/01/2006,74.91
07/31/2006,74.4
07/28/2006,73.24
07/27/2006,74.54
07/26/2006,73.94
07/25/2006,73.75
07/24/2006,75.05
07/21/2006,74.43
07/20/2006,73.08
07/19/2006,72.66
07/18/2006,73.54
07/17/2006,75.3
07/14/2006,77.03
07/13/2006,76.7
07/12/2006,74.95
07/11/2006,74.16
07/10/2006,73.61
07/07/2006,74.09
07/06/2006,75.14
07/05/2006,75.19
07/03/2006,73.93
06/30/2006,73.93
06/29/2006,73.52
06/28/2006,72.19
06/27/2006,71.92
06/26/2006,71.8
06/23/2006,70.87
06/22/2006,70.84
06/21/2006,70.33
06/20/2006,68.94
06/19/2006,68.98
06/16/2006,69.88
06/15/2006,69.5
06/14/2006,69.14
06/13/2006,68.56
06/12/2006,70.36
06/09/2006,71.63
06/08/2006,70.35
06/07/2006,70.82
06/06/2006,72.5
06/05/2006,72.6
06/02/2006,72.33
06/01/2006,70.34
05/31/2006,71.29
05/30/2006,72.03
05/26/2006,71.37
05/25/2006,71.32
05/24/2006,69.86
05/23/2006,71.76
05/22/2006,69.23
05/19/2006,68.53
05/18/2006,69.45
05/17/2006,68.69
05/16/2006,69.53
05/15/2006,69.41
05/12/2006,72.04
05/11/2006,73.32
05/10/2006,72.13
05/09/2006,70.69
05/08/2006,69.77
05/05/2006,70.19
05/04/2006,69.94
05/03/2006,72.28
05/02/2006,74.61
05/01/2006,73.7
04/28/2006,71.88
04/27/2006,70.97
04/26/2006,71.93
04/25/2006,72.88
04/24/2006,73.33
04/21/2006,75.17
04/20/2006,71.95
04/19/2006,72.17
04/18/2006,71.35
04/17/2006,70.4
04/13/2006,69.32
04/12/2006,68.62
04/11/2006,68.98
04/10/2006,68.74
04/07/2006,67.39
04/06/2006,67.94
04/05/2006,67.07
04/04/2006,66.23
04/03/2006,66.74
03/31/2006,66.63
03/30/2006,67.15
03/29/2006,66.45
03/28/2006,66.07
03/27/2006,64.16
03/24/2006,64.26
03/23/2006,63.91
03/22/2006,61.77
03/21/2006,60.57
03/20/2006,60.42
03/17/2006,62.77
03/16/2006,63.58
03/15/2006,62.17
03/14/2006,63.1
03/13/2006,61.77
03/10/2006,59.96
03/09/2006,60.47
03/08/2006,60.02
03/07/2006,61.58
03/06/2006,62.41
03/03/2006,63.67
03/02/2006,63.36
03/01/2006,61.97
02/28/2006,61.41
02/27/2006,61
02/24/2006,62.91
02/23/2006,60.54
02/22/2006,61.01
02/21/2006,61.1
02/17/2006,59.88
02/16/2006,58.46
02/15/2006,57.65
02/14/2006,59.57
02/13/2006,61.24
02/10/2006,61.84
02/09/2006,62.62
02/08/2006,62.55
02/07/2006,63.09
02/06/2006,65.11
02/03/2006,65.37
02/02/2006,64.68
02/01/2006,66.56
01/31/2006,67.92
01/30/2006,68.35
01/27/2006,67.76
01/26/2006,66.26
01/25/2006,65.85
01/24/2006,67.06
01/23/2006,68.1
01/20/2006,68.35
01/19/2006,66.83
01/18/2006,65.73
01/17/2006,66.31
01/13/2006,63.92
01/12/2006,63.94
01/11/2006,63.94
01/10/2006,63.37
01/09/2006,63.5
01/06/2006,64.21
01/05/2006,62.79
01/04/2006,63.42
01/03/2006,63.14
12/30/2005,61.04
12/29/2005,60.32
12/28/2005,59.82
12/27/2005,58.16
12/23/2005,58.43
12/22/2005,58.28
12/21/2005,58.56
12/20/2005,57.98
12/19/2005,57.34
12/16/2005,58.06
12/15/2005,59.99
12/14/2005,60.85
12/13/2005,61.37
12/12/2005,61.3
12/09/2005,59.39
12/08/2005,60.66
12/07/2005,59.21
12/06/2005,59.94
12/05/2005,59.91
12/02/2005,59.32
12/01/2005,58.47
11/30/2005,57.32
11/29/2005,56.5
11/28/2005,57.36
11/23/2005,58.71
11/22/2005,58.84
11/21/2005,57.7
11/18/2005,56.14
11/17/2005,56.34
11/16/2005,57.88
11/15/2005,56.98
11/14/2005,57.69
11/11/2005,57.53
11/10/2005,57.8
11/09/2005,58.93
11/08/2005,59.71
11/07/2005,59.47
11/04/2005,60.58
11/03/2005,61.78
11/02/2005,59.75
11/01/2005,59.85
10/31/2005,59.76
10/28/2005,61.22
10/27/2005,61.09
10/26/2005,60.66
10/25/2005,62.44
10/24/2005,60.32
10/21/2005,60.63
10/20/2005,61.03
10/19/2005,62.41
10/18/2005,63.2
10/17/2005,64.36
10/14/2005,62.63
10/13/2005,63.08
10/12/2005,64.12
10/11/2005,63.53
10/10/2005,61.8
10/07/2005,61.84
10/06/2005,61.36
10/05/2005,62.79
10/04/2005,63.9
10/03/2005,65.47
09/30/2005,66.24
09/29/2005,66.79
09/28/2005,66.35
09/27/2005,65.07
09/26/2005,65.82
09/23/2005,64.19
09/22/2005,66.5
09/21/2005,66.8
09/20/2005,66.23
09/19/2005,67.39
09/16/2005,63
09/15/2005,64.75
09/14/2005,65.09
09/13/2005,63.11
09/12/2005,63.34
09/09/2005,64.08
09/08/2005,64.49
09/07/2005,64.37
09/06/2005,65.96
09/02/2005,67.57
09/01/2005,69.47
08/31/2005,68.94
08/30/2005,69.81
08/29/2005,67.2
08/26/2005,66.13
08/25/2005,67.49
08/24/2005,67.32
08/23/2005,65.71
08/22/2005,65.45
08/19/2005,65.35
08/18/2005,63.27
08/17/2005,63.25
08/16/2005,66.08
08/15/2005,66.27
08/12/2005,66.86
08/11/2005,65.8
08/10/2005,64.9
08/09/2005,63.07
08/08/2005,63.94
08/05/2005,62.31
08/04/2005,61.38
08/03/2005,60.86
08/02/2005,61.89
08/01/2005,61.57
07/29/2005,60.57
07/28/2005,59.94
07/27/2005,59.11
07/26/2005,59.2
07/25/2005,59
07/22/2005,58.65
07/21/2005,57.13
07/20/2005,56.72
07/19/2005,57.46
07/18/2005,57.32
07/15/2005,58.09
07/14/2005,57.8
07/13/2005,60.01
07/12/2005,60.62
07/11/2005,58.92
07/08/2005,59.63
07/07/2005,60.73
07/06/2005,61.28
07/05/2005,59.59
07/01/2005,58.75
06/30/2005,56.5
06/29/2005,57.26
06/28/2005,58.2
06/27/2005,60.54
06/24/2005,59.84
06/23/2005,59.42
06/22/2005,58.09
06/21/2005,58.9
06/20/2005,59.37
06/17/2005,58.47
06/16/2005,56.58
06/15/2005,55.57
06/14/2005,55
06/13/2005,55.62
06/10/2005,53.54
06/09/2005,54.28
06/08/2005,52.54
06/07/2005,53.76
06/06/2005,54.49
06/03/2005,55.03
06/02/2005,53.63
06/01/2005,54.6
05/31/2005,51.97
05/27/2005,51.85
05/26/2005,51.01
05/25/2005,50.98
05/24/2005,49.67
05/23/2005,49.16
05/20/2005,46.8
05/19/2005,46.92
05/18/2005,47.25
05/17/2005,48.97
05/16/2005,48.61
05/13/2005,48.67
05/12/2005,48.54
05/11/2005,50.45
05/10/2005,52.07
05/09/2005,52.03
05/06/2005,50.96
05/05/2005,50.83
05/04/2005,50.13
05/03/2005,49.5
05/02/2005,50.92
04/29/2005,49.72
04/28/2005,51.77
04/27/2005,51.61
04/26/2005,54.2
04/25/2005,54.57
04/22/2005,55.39
04/21/2005,54.2
04/20/2005,52.44
04/19/2005,52.29
04/18/2005,50.37
04/15/2005,50.49
04/14/2005,51.13
04/13/2005,50.22
04/12/2005,51.86
04/11/2005,53.71
04/08/2005,53.32
04/07/2005,54.11
04/06/2005,55.85
04/05/2005,56.04
04/04/2005,57.01
04/01/2005,57.27
03/31/2005,55.4
03/30/2005,53.99
03/29/2005,54.23
03/28/2005,54.05
03/24/2005,54.84
03/23/2005,53.81
03/22/2005,56.03
03/21/2005,56.62
03/18/2005,56.72
03/17/2005,56.4
03/16/2005,56.46
03/15/2005,55.05
03/14/2005,54.95
03/11/2005,54.43
03/10/2005,53.54
03/09/2005,54.77
03/08/2005,54.59
03/07/2005,53.89
03/04/2005,53.78
03/03/2005,53.57
03/02/2005,53.05
03/01/2005,51.68
02/28/2005,51.75
02/25/2005,51.49
02/24/2005,51.39
02/23/2005,51.17
02/22/2005,51.15
02/18/2005,48.35
02/17/2005,47.54
02/16/2005,48.33
02/15/2005,47.26
02/14/2005,47.44
02/11/2005,47.16
02/10/2005,47.1
02/09/2005,45.46
02/08/2005,45.4
02/07/2005,45.28
02/04/2005,46.48
02/03/2005,46.45
02/02/2005,46.69
02/01/2005,47.12
01/31/2005,48.2
01/28/2005,47.18
01/27/2005,48.84
01/26/2005,48.78
01/25/2005,49.64
01/24/2005,48.81
01/21/2005,48.53
01/20/2005,46.91
01/19/2005,47.55
01/18/2005,48.38
01/14/2005,48.38
01/13/2005,48.04
01/12/2005,46.37
01/11/2005,45.68
01/10/2005,45.33
01/07/2005,45.43
01/06/2005,45.56
01/05/2005,43.39
01/04/2005,43.91
01/03/2005,42.12
12/30/2004,43.45
12/29/2004,43.64
12/28/2004,41.77
12/27/2004,41.32
12/23/2004,44.18
12/22/2004,44.24
12/21/2004,45.76
12/20/2004,45.64
12/17/2004,46.28
12/16/2004,44.18
12/15/2004,44.19
12/14/2004,41.82
12/13/2004,41.01
12/10/2004,40.71
12/09/2004,42.53
12/08/2004,41.94
12/07/2004,41.46
12/06/2004,42.98
12/03/2004,42.54
12/02/2004,43.25
12/01/2004,45.49
11/30/2004,49.13
11/29/2004,49.76
11/24/2004,49.44
11/23/2004,48.94
11/22/2004,48.64
11/19/2004,48.44
11/18/2004,46.22
11/17/2004,46.84
11/16/2004,46.11
11/15/2004,46.87
11/12/2004,47.32
11/11/2004,47.42
11/10/2004,48.86
11/09/2004,47.37
11/08/2004,49.09
11/05/2004,49.61
11/04/2004,48.82
11/03/2004,50.88
11/02/2004,49.62
11/01/2004,50.13
10/29/2004,51.76
10/28/2004,50.92
10/27/2004,52.46
10/26/2004,55.17
10/25/2004,54.54
10/22/2004,55.17
10/21/2004,54.47
10/20/2004,54.92
10/19/2004,53.29
10/18/2004,53.67
10/15/2004,54.93
10/14/2004,54.76
10/13/2004,53.64
10/12/2004,52.51
10/11/2004,53.64
10/08/2004,53.31
10/07/2004,52.67
10/06/2004,52.02
10/05/2004,51.09
10/04/2004,49.91
10/01/2004,50.12
09/30/2004,49.64
09/29/2004,49.51
09/28/2004,49.9
09/27/2004,49.64
09/24/2004,48.88
09/23/2004,48.46
09/22/2004,48.35
09/21/2004,47.1
09/20/2004,46.35
09/17/2004,45.59
09/16/2004,43.88
09/15/2004,43.58
09/14/2004,44.39
09/13/2004,43.87
09/10/2004,42.81
09/09/2004,44.61
09/08/2004,42.77
09/07/2004,43.31
09/03/2004,43.99
09/02/2004,44.06
09/01/2004,44
08/31/2004,42.12
08/30/2004,42.28
08/27/2004,43.18
08/26/2004,43.1
08/25/2004,43.47
08/24/2004,45.21
08/23/2004,46.05
08/20/2004,47.86
08/19/2004,48.7
08/18/2004,47.27
08/17/2004,46.75
08/16/2004,46.05
08/13/2004,46.58
08/12/2004,45.5
08/11/2004,44.8
08/10/2004,44.52
08/09/2004,44.84
08/06/2004,43.95
08/05/2004,44.41
08/04/2004,42.83
08/03/2004,44.15
08/02/2004,43.82
07/30/2004,43.8
07/29/2004,42.75
07/28/2004,42.9
07/27/2004,41.84
07/26/2004,41.44
07/23/2004,41.71
07/22/2004,41.36
07/21/2004,40.58
07/20/2004,40.86
07/19/2004,41.64
07/16/2004,41.25
07/15/2004,40.77
07/14/2004,40.97
07/13/2004,39.44
07/12/2004,39.5
07/09/2004,39.96
07/08/2004,40.33
07/07/2004,39.08
07/06/2004,39.65
07/02/2004,38.39
07/01/2004,38.74
06/30/2004,37.05
06/29/2004,35.66
06/28/2004,36.24
06/25/2004,37.55
06/24/2004,37.93
06/23/2004,37.57
06/22/2004,38.11
06/21/2004,37.63
06/18/2004,38.75
06/17/2004,38.46
06/16/2004,37.32
06/15/2004,37.19
06/14/2004,37.59
06/10/2004,38.45
06/09/2004,37.54
06/08/2004,37.28
06/07/2004,38.66
06/04/2004,38.49
06/03/2004,39.28
06/02/2004,39.96
06/01/2004,42.33
05/28/2004,39.88
05/27/2004,39.44
05/26/2004,40.7
05/25/2004,41.14
05/24/2004,41.72
05/21/2004,39.93
05/20/2004,40.92
05/19/2004,41.5
05/18/2004,40.54
05/17/2004,41.55
05/14/2004,41.38
05/13/2004,41.08
05/12/2004,40.77
05/11/2004,40.06
05/10/2004,38.93
05/07/2004,39.93
05/06/2004,39.37
05/05/2004,39.57
05/04/2004,38.98
05/03/2004,38.21
04/30/2004,37.38
04/29/2004,37.31
04/28/2004,37.46
04/27/2004,37.53
04/26/2004,36.97
04/23/2004,36.46
04/22/2004,36.71
04/21/2004,35.73
04/20/2004,37.6
04/19/2004,37.42
04/16/2004,37.74
04/15/2004,37.57
04/14/2004,36.72
04/13/2004,37.21
04/12/2004,37.84
04/08/2004,37.14
04/07/2004,36.15
04/06/2004,34.97
04/05/2004,34.38
04/02/2004,34.39
04/01/2004,34.27
03/31/2004,35.76
03/30/2004,36.25
03/29/2004,35.45
03/26/2004,35.73
03/25/2004,35.51
03/24/2004,37.01
03/23/2004,37.45
03/22/2004,37.11
03/19/2004,38.08
03/18/2004,37.93
03/17/2004,38.18
03/16/2004,37.48
03/15/2004,37.44
03/12/2004,36.19
03/11/2004,36.78
03/10/2004,36.1
03/09/2004,36.28
03/08/2004,36.57
03/05/2004,37.26
03/04/2004,36.64
03/03/2004,35.8
03/02/2004,36.66
03/01/2004,36.86
02/27/2004,36.16
02/26/2004,35.51
02/25/2004,35.68
02/24/2004,34.58
02/23/2004,34.35
02/20/2004,35.6
02/19/2004,36
02/18/2004,35.45
02/17/2004,35.19
02/13/2004,34.56
02/12/2004,33.98
02/11/2004,34
02/10/2004,33.87
02/09/2004,32.83
02/06/2004,32.48
02/05/2004,33.08
02/04/2004,33.1
02/03/2004,34.1
02/02/2004,34.98
01/30/2004,33.05
01/29/2004,32.81
01/28/2004,33.62
01/27/2004,34.12
01/26/2004,34.47
01/23/2004,34.94
01/22/2004,34.93
01/21/2004,34.58
01/20/2004,36.2
01/16/2004,35.07
01/15/2004,33.44
01/14/2004,34.5
01/13/2004,34.43
01/12/2004,34.72
01/09/2004,34.31
01/08/2004,33.98
01/07/2004,33.62
01/06/2004,33.7
01/05/2004,33.78
12/31/2003,32.52
12/30/2003,32.79
12/29/2003,32.4
12/24/2003,32.86
12/23/2003,31.95
12/22/2003,31.87
12/19/2003,33.02
12/18/2003,33.71
12/17/2003,33.35
12/16/2003,32.89
12/15/2003,33.18
12/12/2003,33.04
12/11/2003,31.85
12/10/2003,31.88
12/09/2003,31.76
12/08/2003,32.1
12/05/2003,30.73
12/04/2003,31.26
12/03/2003,31.1
12/02/2003,30.78
12/01/2003,29.95
11/26/2003,30.41
11/25/2003,29.77
11/24/2003,29.74
11/21/2003,31.61
11/20/2003,32.86
11/19/2003,32.92
11/18/2003,33.28
11/17/2003,31.73
11/14/2003,32.37
11/13/2003,31.9
11/12/2003,31.33
11/11/2003,31.15
11/10/2003,30.88
11/07/2003,30.85
11/06/2003,30.26
11/05/2003,30.3
11/04/2003,28.75
11/03/2003,28.9
10/31/2003,29.11
10/30/2003,28.47
10/29/2003,28.91
10/28/2003,29.56
10/27/2003,29.92
10/24/2003,30.16
10/23/2003,30.3
10/22/2003,29.92
10/21/2003,30.18
10/20/2003,30.35
10/17/2003,30.68
10/16/2003,31.54
10/15/2003,31.77
10/14/2003,31.82
10/13/2003,31.95
10/10/2003,31.97
10/09/2003,31.01
10/08/2003,29.81
10/07/2003,30.41
10/06/2003,30.47
10/03/2003,30.4
10/02/2003,29.84
10/01/2003,29.39
09/30/2003,29.2
09/29/2003,28.4
09/26/2003,28.16
09/25/2003,28.29
09/24/2003,28.24
09/23/2003,27.13
09/22/2003,26.96
09/19/2003,27.03
09/18/2003,27.17
09/17/2003,27.03
09/16/2003,27.56
09/15/2003,28.14
09/12/2003,28.27
09/11/2003,28.82
09/10/2003,29.35
09/09/2003,29.18
09/08/2003,28.85
09/05/2003,28.88
09/04/2003,28.98
09/03/2003,29.49
09/02/2003,29.41
08/29/2003,31.57
08/28/2003,31.5
08/27/2003,31.21
08/26/2003,31.95
08/25/2003,31.56
08/22/2003,31.84
08/21/2003,31.88
08/20/2003,30.95
08/19/2003,30.7
08/18/2003,30.89
08/15/2003,31.05
08/14/2003,31.09
08/13/2003,30.78
08/12/2003,31.92
08/11/2003,32.01
08/08/2003,32.18
08/07/2003,32.39
08/06/2003,31.7
08/05/2003,32.22
08/04/2003,31.84
08/01/2003,32.31
07/31/2003,30.54
07/30/2003,30.68
07/29/2003,30.24
07/28/2003,30.11
07/25/2003,30.17
07/24/2003,30.22
07/23/2003,29.67
07/22/2003,30.19
07/21/2003,31.78
07/18/2003,31.96
07/17/2003,31.41
07/16/2003,31.05
07/15/2003,31.62
07/14/2003,31.27
07/11/2003,31.28
07/10/2003,31.06
07/09/2003,30.88
07/08/2003,30.22
07/07/2003,30.13
07/03/2003,30.42
07/02/2003,30.15
07/01/2003,30.4
06/30/2003,30.19
06/27/2003,29.27
06/26/2003,29.01
06/25/2003,29.95
06/24/2003,28.78
06/23/2003,29.17
06/20/2003,30.82
06/19/2003,29.96
06/18/2003,30.36
06/17/2003,31.07
06/16/2003,31.18
06/13/2003,30.65
06/12/2003,31.51
06/11/2003,32.36
06/10/2003,31.73
06/09/2003,31.45
06/06/2003,31.28
06/05/2003,30.74
06/04/2003,30.05
06/03/2003,30.67
06/02/2003,30.71
05/30/2003,29.56
05/29/2003,29.1
05/28/2003,28.58
05/27/2003,29.35
05/23/2003,29.16
05/22/2003,28.85
05/21/2003,29.03
05/20/2003,29.28
05/19/2003,28.83
05/16/2003,29.14
05/15/2003,28.74
05/14/2003,29.17
05/13/2003,28.5
05/12/2003,27.35
05/09/2003,27.72
05/08/2003,26.98
05/07/2003,26.23
05/06/2003,25.72
05/05/2003,26.49
05/02/2003,25.67
05/01/2003,26.03
04/30/2003,25.8
04/29/2003,25.24
04/28/2003,25.49
04/25/2003,26.26
04/24/2003,26.64
04/23/2003,26.65
04/22/2003,29.91
04/21/2003,30.87
04/17/2003,30.55
04/16/2003,29.18
04/15/2003,29.29
04/14/2003,28.63
04/11/2003,28.14
04/10/2003,27.46
04/09/2003,28.85
04/08/2003,28
04/07/2003,27.96
04/04/2003,28.62
04/03/2003,28.97
04/02/2003,28.56
04/01/2003,29.78
03/31/2003,31.04
03/28/2003,30.16
03/27/2003,30.37
03/26/2003,28.63
03/25/2003,27.97
03/24/2003,28.66
03/21/2003,26.91
03/20/2003,28.61
03/19/2003,29.88
03/18/2003,31.67
03/17/2003,34.93
03/14/2003,35.38
03/13/2003,36.01
03/12/2003,37.83
03/11/2003,36.72
03/10/2003,37.27
03/07/2003,37.78
03/06/2003,37
03/05/2003,36.69
03/04/2003,36.89
03/03/2003,35.88
02/28/2003,36.6
02/27/2003,37.2
02/26/2003,37.7
02/25/2003,36.06
02/24/2003,36.48
02/21/2003,35.58
02/20/2003,36.79
02/19/2003,37.16
02/18/2003,36.96
02/14/2003,36.8
02/13/2003,36.36
02/12/2003,35.77
02/11/2003,35.44
02/10/2003,34.48
02/07/2003,35.12
02/06/2003,34.16
02/05/2003,33.93
02/04/2003,33.58
02/03/2003,32.76
01/31/2003,33.51
01/30/2003,33.85
01/29/2003,33.63
01/28/2003,32.67
01/27/2003,32.29
01/24/2003,33.28
01/23/2003,32.25
01/22/2003,32.85
01/21/2003,34.61
01/17/2003,33.91
01/16/2003,33.66
01/15/2003,33.21
01/14/2003,32.37
01/13/2003,32.26
01/10/2003,31.68
01/09/2003,31.99
01/08/2003,30.56
01/07/2003,31.08
01/06/2003,32.1
01/03/2003,33.08
01/02/2003,31.85
12/31/2002,31.2
12/30/2002,31.37
12/27/2002,32.72
12/26/2002,32.49
12/24/2002,31.97
12/23/2002,31.75
12/20/2002,30.3
12/19/2002,30.56
12/18/2002,30.44
12/17/2002,30.1
12/16/2002,30.1
12/13/2002,28.44
12/12/2002,28.01
12/11/2002,27.4
12/10/2002,27.74
12/09/2002,27.2
12/06/2002,26.93
12/05/2002,27.29
12/04/2002,26.71
12/03/2002,27.3
12/02/2002,27.24
11/27/2002,26.89
11/26/2002,26.4
11/25/2002,26.11
11/22/2002,26.76
11/21/2002,26.35
11/20/2002,26.98
11/19/2002,26.42
11/18/2002,26.71
11/15/2002,25.51
11/14/2002,25.29
11/13/2002,25.19
11/12/2002,25.9
11/11/2002,25.94
11/08/2002,25.78
11/07/2002,25.38
11/06/2002,25.77
11/05/2002,26.14
11/04/2002,26.95
11/01/2002,27.13
10/31/2002,27.22
10/30/2002,26.81
10/29/2002,26.86
10/28/2002,27.29
10/25/2002,27.05
10/24/2002,28.2
10/23/2002,28.18
10/22/2002,27.92
10/21/2002,28.37
10/18/2002,29.6
10/17/2002,29.62
10/16/2002,29.47
10/15/2002,29.72
10/14/2002,30.03
10/11/2002,29.37
10/10/2002,28.97
10/09/2002,29.35
10/08/2002,29.48
10/07/2002,29.64
10/04/2002,29.62
10/03/2002,29.76
10/02/2002,30.49
10/01/2002,30.83
09/30/2002,30.45
09/27/2002,30.54
09/26/2002,30.41
09/25/2002,30.64
09/24/2002,30.77
09/23/2002,30.71
09/20/2002,29.61
09/19/2002,29.5
09/18/2002,29.48
09/17/2002,29.08
09/16/2002,29.67
09/13/2002,29.81
09/12/2002,28.85
09/11/2002,29.77
09/10/2002,29.73
09/09/2002,29.73
09/06/2002,29.61
09/05/2002,28.98
09/04/2002,28.27
09/03/2002,27.79
08/30/2002,28.98
08/29/2002,28.92
08/28/2002,28.34
08/27/2002,28.83
08/26/2002,29.28
08/23/2002,28.63
08/22/2002,28.84
08/21/2002,29.24
08/20/2002,30.11
08/19/2002,29.84
08/16/2002,29.33
08/15/2002,29.06
08/14/2002,28.15
08/13/2002,27.9
08/12/2002,27.86
08/09/2002,26.86
08/08/2002,26.67
08/07/2002,26.5
08/06/2002,27.17
08/05/2002,26.58
08/02/2002,26.84
08/01/2002,26.47
07/31/2002,27.02
07/30/2002,27.36
07/29/2002,26.55
07/26/2002,26.54
07/25/2002,26.77
07/24/2002,26.87
07/23/2002,26.31
07/22/2002,26.6
07/19/2002,27.83
07/18/2002,27.57
07/17/2002,27.88
07/16/2002,27.75
07/15/2002,27.07
07/12/2002,27.48
07/11/2002,26.83
07/10/2002,26.77
07/09/2002,26.09
07/08/2002,26.07
07/03/2002,26.8
07/02/2002,26.77
07/01/2002,26.81
06/28/2002,26.86
06/27/2002,26.86
06/26/2002,26.76
06/25/2002,26.32
06/24/2002,26.47
06/21/2002,25.82
06/20/2002,25.53
06/19/2002,25.31
06/18/2002,25.43
06/17/2002,26.09
06/14/2002,25.94
06/13/2002,25.64
06/12/2002,24.64
06/11/2002,24.12
06/10/2002,24.29
06/07/2002,24.75
06/06/2002,24.79
06/05/2002,24.89
06/04/2002,25.33
06/03/2002,25.08
05/31/2002,25.31
05/30/2002,24.67
05/29/2002,25.76
05/28/2002,25.27
05/24/2002,25.88
05/23/2002,26.15
05/22/2002,26.37
05/21/2002,27.33
05/20/2002,28.33
05/17/2002,28.18
05/16/2002,27.95
05/15/2002,28.15
05/14/2002,29.36
05/13/2002,28.38
05/10/2002,27.99
05/09/2002,27.68
05/08/2002,27.85
05/07/2002,26.63
05/06/2002,26.12
05/03/2002,26.62
05/02/2002,26.24
05/01/2002,26.75
04/30/2002,27.29
04/29/2002,27.57
04/26/2002,27.11
04/25/2002,26.73
04/24/2002,26.38
04/23/2002,26.62
04/22/2002,26.27
04/19/2002,26.38
04/18/2002,26.18
04/17/2002,25.94
04/16/2002,24.75
04/15/2002,24.57
04/12/2002,23.47
04/11/2002,24.99
04/10/2002,26.13
04/09/2002,25.82
04/08/2002,26.54
04/05/2002,26.21
04/04/2002,26.58
04/03/2002,27.56
04/02/2002,27.71
04/01/2002,26.88
03/28/2002,26.31
03/27/2002,25.87
03/26/2002,25.36
03/25/2002,24.99
03/22/2002,25.35
03/21/2002,25.61
03/20/2002,24.9
03/19/2002,24.88
03/18/2002,25.11
03/15/2002,24.51
03/14/2002,24.56
03/13/2002,24.16
03/12/2002,24.2
03/11/2002,24.31
03/08/2002,23.84
03/07/2002,23.71
03/06/2002,23.15
03/05/2002,23.17
03/04/2002,22.45
03/01/2002,22.4
02/28/2002,21.74
02/27/2002,21.29
02/26/2002,21.41
02/25/2002,20.48
02/22/2002,21.07
02/21/2002,20.95
02/20/2002,20.29
02/19/2002,20.88
02/15/2002,21.5
02/14/2002,21.23
02/13/2002,21.18
02/12/2002,20.73
02/11/2002,21.41
02/08/2002,20.26
02/07/2002,19.64
02/06/2002,19.78
02/05/2002,20.07
02/04/2002,20.07
02/01/2002,20.38
01/31/2002,19.48
01/30/2002,19.08
01/29/2002,19.58
01/28/2002,20.05
01/25/2002,19.99
01/24/2002,19.7
01/23/2002,19.5
01/22/2002,18.34
01/18/2002,18
01/17/2002,17.97
01/16/2002,18.86
01/15/2002,18.9
01/14/2002,18.89
01/11/2002,19.68
01/10/2002,20.38
01/09/2002,20.18
01/08/2002,21.25
01/07/2002,21.48
01/04/2002,21.62
01/03/2002,20.37
01/02/2002,21.01
12/31/2001,19.84
12/28/2001,20.41
12/27/2001,20.9
12/26/2001,21.27
12/21/2001,19.62
12/20/2001,19.28
12/19/2001,19.8
12/18/2001,19.36
12/17/2001,19.22
12/14/2001,19.23
12/13/2001,18.12
12/12/2001,18.36
12/11/2001,18.08
12/10/2001,18.37
12/07/2001,19.04
12/06/2001,18.54
12/05/2001,19.49
12/04/2001,19.65
12/03/2001,20.09
11/30/2001,19.44
11/29/2001,18.62
11/28/2001,19.22
11/27/2001,19.48
11/26/2001,18.69
11/21/2001,18.96
11/20/2001,19.15
11/19/2001,17.72
11/16/2001,18.03
11/15/2001,17.45
11/14/2001,19.74
11/13/2001,21.67
11/12/2001,21.23
11/09/2001,22.22
11/08/2001,21.17
11/07/2001,20.09
11/06/2001,19.92
11/05/2001,20.02
11/02/2001,20.18
11/01/2001,20.39
10/31/2001,21.18
10/30/2001,21.87
10/29/2001,22.15
10/26/2001,22.03
10/25/2001,22.01
10/24/2001,22.33
10/23/2001,21.85
10/22/2001,21.76
10/19/2001,21.83
10/18/2001,21.31
10/17/2001,21.81
10/16/2001,22
10/15/2001,22.29
10/12/2001,22.5
10/11/2001,23.34
10/10/2001,22.53
10/09/2001,22.48
10/08/2001,22.45
10/05/2001,22.39
10/04/2001,22.63
10/03/2001,22.08
10/02/2001,22.79
10/01/2001,23.28
09/28/2001,23.43
09/27/2001,22.74
09/26/2001,22.38
09/25/2001,21.81
09/24/2001,22.01
09/21/2001,25.97
09/20/2001,26.59
09/19/2001,26.72
09/18/2001,27.7
09/17/2001,28.81
09/14/2001,29.53
09/10/2001,27.63
09/07/2001,28.03
09/06/2001,27.58
09/05/2001,26.95
09/04/2001,26.93
08/31/2001,27.2
08/30/2001,26.55
08/29/2001,27.05
08/28/2001,27.17
08/27/2001,26.67
08/24/2001,26.9
08/23/2001,26.63
08/22/2001,26.37
08/21/2001,27.91
08/20/2001,27.18
08/17/2001,26.68
08/16/2001,27.4
08/15/2001,27.56
08/14/2001,28.01
08/13/2001,27.82
08/10/2001,28.05
08/09/2001,27.64
08/08/2001,27.54
08/07/2001,27.94
08/06/2001,27.74
08/03/2001,27.62
08/02/2001,27.71
08/01/2001,26.77
07/31/2001,26.35
07/30/2001,26.63
07/27/2001,27.02
07/26/2001,26.73
07/25/2001,26.84
07/24/2001,26.31
07/23/2001,26.12
07/20/2001,25.59
07/19/2001,24.7
07/18/2001,24.89
07/17/2001,25.57
07/16/2001,26.06
07/13/2001,26.59
07/12/2001,26.8
07/11/2001,27.11
07/10/2001,27.49
07/09/2001,27.59
07/06/2001,28.21
07/05/2001,27.02
07/03/2001,26.24
07/02/2001,25.95
06/29/2001,26.25
06/28/2001,25.56
06/27/2001,25.61
06/26/2001,26.98
06/25/2001,27.25
06/22/2001,26.83
06/21/2001,26.56
06/20/2001,26.5
06/19/2001,27.48
06/18/2001,27.55
06/15/2001,28.51
06/14/2001,29.04
06/13/2001,28.84
06/12/2001,29.18
06/11/2001,29.04
06/08/2001,28.33
06/07/2001,27.75
06/06/2001,27.72
06/05/2001,28.24
06/04/2001,28.13
06/01/2001,27.93
05/31/2001,28.37
05/30/2001,28.55
05/29/2001,28.66
05/25/2001,28.38
05/24/2001,28.41
05/23/2001,29.58
05/22/2001,29.74
05/21/2001,29.98
05/18/2001,29.91
05/17/2001,28.91
05/16/2001,28.86
05/15/2001,28.98
05/14/2001,28.71
05/11/2001,28.55
05/10/2001,28.52
05/09/2001,28.23
05/08/2001,27.39
05/07/2001,27.77
05/04/2001,28.36
05/03/2001,28.45
05/02/2001,27.8
05/01/2001,28.94
04/30/2001,28.46
04/27/2001,28.27
04/26/2001,28.44
04/25/2001,27.29
04/24/2001,26.86
04/23/2001,27.61
04/20/2001,27.28
04/19/2001,27.82
04/18/2001,27.95
04/17/2001,28.24
04/16/2001,28.79
04/12/2001,28.25
04/11/2001,28.18
04/10/2001,28.48
04/09/2001,27.28
04/06/2001,27.06
04/05/2001,27.26
04/04/2001,27.12
04/03/2001,26.19
04/02/2001,25.59
03/30/2001,26.29
03/29/2001,26.32
03/28/2001,26.31
03/27/2001,27.75
03/26/2001,27.48
03/23/2001,27.3
03/22/2001,26.54
03/21/2001,26.8
03/20/2001,25.96
03/19/2001,26.15
03/16/2001,26.74
03/15/2001,26.55
03/14/2001,26.41
03/13/2001,27.59
03/12/2001,28
03/09/2001,28.01
03/08/2001,28.39
03/07/2001,29
03/06/2001,28.32
03/05/2001,28.6
03/02/2001,27.84
03/01/2001,27.62
02/28/2001,27.39
02/27/2001,28.13
02/26/2001,28.42
02/23/2001,29.04
02/22/2001,28.82
02/21/2001,28.53
02/20/2001,28.58
02/16/2001,29.16
02/15/2001,28.8
02/14/2001,29.71
02/13/2001,30.36
02/12/2001,30.51
02/09/2001,31.03
02/08/2001,31.59
02/07/2001,31.27
02/06/2001,30.35
02/05/2001,30.55
02/02/2001,31.19
02/01/2001,29.82
01/31/2001,28.66
01/30/2001,29.06
01/29/2001,29.06
01/26/2001,29.77
01/25/2001,29.36
01/24/2001,29.05
01/23/2001,29.57
01/22/2001,32.19
01/19/2001,32.19
01/18/2001,30.45
01/17/2001,29.6
01/16/2001,30.29
01/12/2001,30.05
01/11/2001,29.41
01/10/2001,29.48
01/09/2001,27.64
01/08/2001,27.32
01/05/2001,27.95
01/04/2001,28.14
01/03/2001,28
01/02/2001,27.21
12/29/2000,26.8
12/28/2000,25.85
12/27/2000,26.47
12/26/2000,26.64
12/22/2000,26.18
12/21/2000,25.98
12/20/2000,25.77
12/19/2000,29.33
12/18/2000,29.76
12/15/2000,28.87
12/14/2000,27.99
12/13/2000,28.74
12/12/2000,29.68
12/11/2000,29.5
12/08/2000,28.44
12/07/2000,29.35
12/06/2000,29.85
12/05/2000,29.53
12/04/2000,31.22
12/01/2000,32.02
11/30/2000,33.82
11/29/2000,34.63
11/28/2000,34.22
11/27/2000,35.38
11/22/2000,35.4
11/21/2000,35.16
11/20/2000,35.22
11/17/2000,35.45
11/16/2000,35.12
11/15/2000,35.58
11/14/2000,34.87
11/13/2000,34.47
11/10/2000,34.02
11/09/2000,33.92
11/08/2000,33.24
11/07/2000,33.4
11/06/2000,32.86
11/03/2000,32.71
11/02/2000,32.54
11/01/2000,33.25
10/31/2000,32.7
10/30/2000,32.81
10/27/2000,32.74
10/26/2000,33.71
10/25/2000,32.96
10/24/2000,33.37
10/23/2000,33.76
10/20/2000,33.75
10/19/2000,32.91
10/18/2000,33.48
10/17/2000,32.99
10/16/2000,32.92
10/13/2000,34.99
10/12/2000,36.06
10/11/2000,33.25
10/10/2000,33.18
10/09/2000,31.86
10/06/2000,30.86
10/05/2000,30.53
10/04/2000,31.43
10/03/2000,32.07
10/02/2000,32.18
09/29/2000,30.84
09/28/2000,30.34
09/27/2000,31.46
09/26/2000,31.5
09/25/2000,31.57
09/22/2000,32.68
09/21/2000,34
09/20/2000,37.2
09/19/2000,36.51
09/18/2000,36.88
09/15/2000,35.92
09/14/2000,34.07
09/13/2000,33.82
09/12/2000,34.28
09/11/2000,35.14
09/08/2000,33.63
09/07/2000,35.39
09/06/2000,34.9
09/05/2000,33.83
09/01/2000,33.38
08/31/2000,33.12
08/30/2000,33.32
08/29/2000,32.74
08/28/2000,32.87
08/25/2000,32.03
08/24/2000,31.63
08/23/2000,32.02
08/22/2000,31.22
08/21/2000,32.47
08/18/2000,31.99
08/17/2000,31.94
08/16/2000,31.8
08/15/2000,31.67
08/14/2000,31.94
08/11/2000,31.02
08/10/2000,31.34
08/09/2000,30.35
08/08/2000,29.12
08/07/2000,28.91
08/04/2000,29.96
08/03/2000,28.66
08/02/2000,28.26
08/01/2000,27.79
07/31/2000,27.43
07/28/2000,28.18
07/27/2000,28.02
07/26/2000,27.81
07/25/2000,27.95
07/24/2000,28.02
07/21/2000,28.56
07/20/2000,30.93
07/19/2000,31.42
07/18/2000,31.94
07/17/2000,30.83
07/14/2000,31.4
07/13/2000,31.47
07/12/2000,30.32
07/11/2000,29.7
07/10/2000,29.69
07/07/2000,30.28
07/06/2000,29.99
07/05/2000,30.67
06/30/2000,32.5
06/29/2000,32.72
06/28/2000,31.9
06/27/2000,32.06
06/26/2000,31.63
06/23/2000,32.25
06/22/2000,32.19
06/21/2000,31.37
06/20/2000,33.05
06/19/2000,31.69
06/16/2000,32.33
06/15/2000,32.95
06/14/2000,32.85
06/13/2000,32.56
06/12/2000,31.74
06/09/2000,30.2
06/08/2000,29.78
06/07/2000,29.95
06/06/2000,29.75
06/05/2000,29.7
06/02/2000,30.35
06/01/2000,30.14
05/31/2000,29.01
05/30/2000,30.35
05/26/2000,30
05/25/2000,30.51
05/24/2000,29.93
05/23/2000,28.78
05/22/2000,28.61
05/19/2000,29.89
05/18/2000,30.33
05/17/2000,29.32
05/16/2000,29.73
05/15/2000,29.92
05/12/2000,29.62
05/11/2000,29.11
05/10/2000,28.1
05/09/2000,28.65
05/08/2000,28.09
05/05/2000,27.29
05/04/2000,26.98
05/03/2000,26.75
05/02/2000,26.89
05/01/2000,25.87
04/28/2000,25.74
04/27/2000,25.42
04/26/2000,24.65
04/25/2000,25.33
04/24/2000,26.04
04/20/2000,25.88
04/19/2000,27.35
04/18/2000,26.11
04/17/2000,25.89
04/14/2000,25.57
04/13/2000,25.38
04/12/2000,25.41
04/11/2000,24.14
04/10/2000,23.85
04/07/2000,25.04
04/06/2000,25.69
04/05/2000,25.83
04/04/2000,25.45
04/03/2000,26.43
03/31/2000,26.9
03/30/2000,26.7
03/29/2000,26.45
03/28/2000,27.09
03/27/2000,27.79
03/24/2000,28.02
03/23/2000,27.31
03/22/2000,27.46
03/21/2000,28
03/20/2000,29.43
03/17/2000,30.91
03/16/2000,31.09
03/15/2000,30.72
03/14/2000,31.69
03/13/2000,32.02
03/10/2000,31.76
03/09/2000,31.69
03/08/2000,31.26
03/07/2000,34.13
03/06/2000,32.18
03/03/2000,31.51
03/02/2000,31.69
03/01/2000,31.77
02/29/2000,30.43
02/28/2000,30.13
02/25/2000,30.35
02/24/2000,29.97
02/23/2000,29.39
02/22/2000,29.62
02/18/2000,29.51
02/17/2000,29.46
02/16/2000,30.05
02/15/2000,30.06
02/14/2000,30.25
02/11/2000,29.44
02/10/2000,29.43
02/09/2000,28.77
02/08/2000,28.02
02/07/2000,28.45
02/04/2000,28.82
02/03/2000,28.03
02/02/2000,27.55
02/01/2000,28.22
01/31/2000,27.64
01/28/2000,27.22
01/27/2000,27.32
01/26/2000,27.84
01/25/2000,28.28
01/24/2000,27.83
01/21/2000,28.2
01/20/2000,29.66
01/19/2000,29.54
01/18/2000,28.85
01/14/2000,28.02
01/13/2000,26.69
01/12/2000,26.28
01/11/2000,25.77
01/10/2000,24.67
01/07/2000,24.22
01/06/2000,24.78
01/05/2000,24.91
01/04/2000,25.55